	seq1	seq2	TREEDIST_stem-to-root	TREEDIST_seq1-to-root	TREEDIST_seq2-to-root	TREEDIST_seq1-to-seq2
0	HPR3_ARATH/9-321	Q9A6E7_CAUVC/11-318	1.6198199999999998	2.2678599999999998	2.67626	1.70448
1	O25158_HELPY/4-314	HPR2_ARATH/6-313	0.67092	1.9944899999999999	1.9843399999999998	2.63699
2	Q9A244_CAUVC/24-340	Q9HXB7_PSEAE/5-318	1.12568	1.77342	2.02277	1.5448300000000001
3	PDXB_PSEAE/3-285	PDXB_VIBCH/3-286	3.93257	4.53336	4.33639	1.00461
4	Q7W0H7_BORPE/11-324	Q9PBD8_XYLFA/15-328	2.9934300000000005	3.3548700000000005	3.2293200000000004	0.5973299999999999
5	Q9KP92_VIBCH/13-326	SERA_ECOLI/14-326	3.0007100000000007	3.143840000000001	3.1457100000000007	0.28813
6	Q9CKF1_PASMU/14-327	Q9I6H5_PSEAE/13-326	2.8795500000000005	3.1326300000000007	3.1605400000000006	0.53407
7	SERA_SCHPO/58-378	SERA_YEAST/61-381	2.84951	3.0387	3.00765	0.34733
8	DDH2_SCHPO/3-330	DDH1_SCHPO/3-330	4.0850800000000005	4.3102800000000006	4.231960000000001	0.37208
9	P74586_SYNY3/3-330	DDH_ZYMMO/3-331	3.4646700000000004	3.7797800000000006	4.23291	1.08335
10	Q9JY94_NEIMB/3-329	DDH_HAEIN/3-329	3.65945	3.80371	3.84089	0.3257
11	Q9KMX4_VIBCH/4-330	LDHD_ECOLI/3-329	3.5038300000000002	3.8128200000000003	3.78806	0.59322
12	Q9S2M5_STRCO/3-328	Q9I530_PSEAE/3-328	3.05738	3.58611	3.5260300000000004	0.99738
13	G1UB05_LACJO/8-330	LDHD_LACPL/6-329	3.14627	3.65576	3.45987	0.82309
14	LDHD_TREPA/3-330	Q2FV62_STAA8/9-332	3.74846	4.5259	4.39264	1.4216199999999999
15	Q97IU7_CLOAB/3-326	Q1GAA2_LACDA/5-332	2.83062	3.62615	4.72703	2.6919399999999998
16	Q89388_PBCV1/32-362	E9ACF1_LEIMA/115-427	1.3155700000000001	4.17456	3.07187	4.61529
17	Q9VKI8_DROME/8-324	O17626_CAEEL/8-316	2.0165800000000003	2.8445500000000004	2.2674800000000004	1.07887
18	SERA_MYCLE/6-313	Q9Z564_STRCO/7-314	1.9440400000000002	2.2108100000000004	2.1537100000000002	0.47644
19	Q9A3I9_CAUVC/6-314	SERA_RAT/9-317	1.5815200000000003	2.0817300000000003	2.16866	1.08735
20	Q2FXK1_STAA8/6-315	Q9KCG9_HALH5/20-325	1.6267900000000002	2.04001	2.08175	0.86818
21	SERA2_ARATH/85-394	SERA3_ARATH/49-358	2.3021000000000003	2.38396	2.46904	0.24880000000000002
22	Q9HMR0_HALSA/3-311	SERA_ARCFU/3-312	1.6731600000000002	2.2356700000000003	2.18385	1.0732
23	O67741_AQUAE/4-320	SERA_SYNY3/32-339	1.3987500000000002	2.5504800000000003	1.85156	1.6045399999999999
24	SERA_METTH/6-313	SERA_METJA/4-312	1.17171	1.41239	1.56074	0.62971
25	YEAA_SCHPO/9-327	YGDH_SCHPO/9-332	1.356	2.26836	2.24392	1.8002799999999999
26	Q9HK29_THEAC/3-309	Q97U35_SACS2/2-295	0.70099	1.73861	3.66465	4.0012799999999995
27	Q9VII9_DROME/10-326	GRHPR_HUMAN/9-327	1.5179900000000002	2.3657000000000004	2.0945	1.42422
28	Q9I1L0_PSEAE/4-318	GHRB_ECOLI/5-319	1.49214	1.87823	1.84702	0.7409699999999999
29	TKRA_BACSU/6-322	Q9K7P7_HALH5/3-318	0.9918	1.63199	1.6634799999999998	1.3118699999999999
30	Q9RUU0_DEIRA/18-329	Q9WYG2_THEMA/4-311	0.8763299999999999	1.70242	1.44793	1.3976899999999999
31	Q9HVG5_PSEAE/7-321	Q97F10_CLOAB/3-323	1.48145	3.39228	2.03746	2.46684
32	Q9RKF9_STRCO/17-329	O66939_AQUAE/3-332	1.17327	1.94413	3.1407100000000003	2.7383
33	B0JPW3_MICAN/19-330	Q9KEA4_HALH5/2-311	0.5082	1.85941	2.45337	3.29638
34	GYAR_AERPE/6-324	Y2577_STAA8/5-317	0.16037	1.4127899999999998	1.53411	2.62616
35	Q9KLW1_VIBCH/3-321	Q97MV2_CLOAB/3-317	0.7764099999999999	2.52167	1.70613	2.67498
36	CTBP_DROME/30-352	CTBP1_CAEEL/181-504	2.4314899999999997	2.53164	3.3448399999999996	1.0135
37	CTBP2_RAT/36-358	O28495_ARCFU/4-322	0.9014899999999999	2.4505999999999997	1.83439	2.48201
38	A6TI50_KLEP7/6-326	Q97ZK1_SACS2/20-326	0.0	1.79585	1.82875	3.6246
