dataset	random_seed	model_type	sub_model	indel_model	num_domains	num_fragments	num_sites	num_rate_mults	parameters	sum_joint_loglikes	joint_ave_loss	joint_ece	sum_cond_loglikes	cond_ave_loss	cond_ece	sum_anc_loglikes	anc_ave_loss	anc_ece	aic	bic
data1	0	pairhmm_domain_mix	f81	tkf92	10	10	10	4	29232	561179782.1	661.8419755	106.531456	209872622.2	247.518737	5.699668884	351307160.2	414.3232389	18.62361526	1122418028	1122758601
data1	561	pairhmm_domain_mix	f81	tkf92	5	5	5	4	3692	563477775.4	664.5521733	108.7058334	211355553.5	249.2676708	5.767999649	352122222.3	415.2845035	18.77805519	1126962935	1127005949
data1	471	pairhmm_domain_mix	f81	tkf92	4	4	4	4	1902	564514639.8	665.7750255	109.5911255	212103288.8	250.1495319	5.80228281	352411352.5	415.6254958	18.81884003	1129033084	1129055243
data1	1	pairhmm_domain_mix	f81	tkf92	3	3	3	4	812	567043721.6	668.7577666	111.7970734	213942107.5	252.3181905	5.887044907	353101606.1	416.4395649	18.9210701	1134089067	1134098528
data1	843	pairhmm_fragment_mix	f81	tkf92	1	30	30	4	26162	567672599.6	669.4994488	111.8422394	215920257.1	254.6511726	5.967121601	351752342.5	414.8482762	18.67529869	1135397523	1135702328
data1	844	pairhmm_fragment_mix	f81	tkf92	1	20	20	4	11642	568058502.5	669.9545734	112.1554489	216030773.9	254.7815134	5.973082066	352027728.6	415.17306	18.70877075	1136140289	1136275926
data1	4	pairhmm_fragment_mix	f81	tkf92	1	10	10	4	2922	568977440.6	671.0383472	112.9706497	216527782.7	255.3676737	5.997066021	352449656.4	415.6706717	18.76899529	1137960725	1137994769
data1	842	pairhmm_fragment_mix	f81	tkf92	1	5	5	4	737	571415503.8	673.9137387	115.3486328	218333214.6	257.4969571	6.084028244	353082291.7	416.4167869	18.88986588	1142832482	1142841068
data1	381	pairhmm_domain_mix	f81	tkf92	2	2	2	4	248	572035766.5	674.645263	116.492218	218032432.3	257.1422202	6.088878155	354003336.3	417.5030441	19.06181526	1144072029	1144074918
data1	841	pairhmm_fragment_mix	f81	tkf92	1	4	4	4	474	573097853.6	675.8978639	116.9499435	219460658.2	258.8266369	6.142253876	353637195	417.0712259	18.97042465	1146196655	1146202178
data1	9073	pairhmm_site_mix	f81	tkf92	1	1	900	4	26103	574061363.7	677.1172563	117.5362244	219735604.3	259.1826914	6.132329464	354325760	417.9345644	19.09605408	1148174933	1148479051
data1	573	pairhmm_site_mix	f81	tkf92	1	1	500	4	14503	574062107.8	677.1181343	117.5502853	219738117.1	259.185656	6.132629395	354323989.9	417.9324771	19.09739685	1148153222	1148322191
data1	373	pairhmm_site_mix	f81	tkf92	1	1	175	4	5078	574065677.5	677.1223459	117.5562286	219742171.4	259.1904383	6.132772446	354323508.3	417.9319093	19.097929	1148141511	1148200673
data1	43	pairhmm_site_mix	f81	tkf92	1	1	30	4	873	574091986.5	677.1533737	117.579216	219769290.4	259.2224253	6.134223938	354322695.8	417.9309493	19.09713745	1148185719	1148195890
data1	44	pairhmm_site_mix	f81	tkf92	1	1	20	4	583	574142908.3	677.2134392	117.6362457	219819740.1	259.2819315	6.136823177	354323169.6	417.9315095	19.09830856	1148286983	1148293775
data1	2	pairhmm_fragment_mix	f81	tkf92	1	3	3	4	269	574543139.3	677.6023989	118.2945404	220269194.1	259.7802057	6.180761337	354273946	417.8221954	19.06877518	1149086817	1149089951
data1	5	pairhmm_site_mix	f81	tkf92	1	1	10	4	293	574796767.5	677.9846799	118.2795944	220472228.6	260.0515552	6.170592785	354324537.4	417.9331228	19.09767532	1149594121	1149597535
data1	42	pairhmm_site_mix	f81	tkf92	1	1	5	4	148	576860141	680.4184721	120.414032	222515117.5	262.4611854	6.280402184	354345032.5	417.9572971	19.10231018	1153720578	1153722302
data1	41	pairhmm_site_mix	f81	tkf92	1	1	4	4	119	577975288	681.7338099	121.6273041	223632897	263.7796298	6.343939781	354342389.3	417.9541797	19.10155487	1155950814	1155952200
data1	840	pairhmm_fragment_mix	f81	tkf92	1	2	2	4	122	578878589.8	682.7155269	122.7674942	224513381.3	264.7856971	6.409275532	354365212	417.9298316	19.08418846	1157757424	1157758845
data1	3	pairhmm_site_mix	f81	tkf92	1	1	3	4	90	579608500	683.6602166	123.3534698	225257251.3	265.6955887	6.433063984	354351250	417.9646313	19.10425568	1159217180	1159218229
data1	40	pairhmm_site_mix	f81	tkf92	1	1	2	4	61	582702935.5	687.3101711	126.7215271	228234475.8	269.2072859	6.604222775	354468459.3	418.1028806	19.11724091	1165405993	1165406704
data1	7	pairhmm_reference	f81	tkf92	1	1	1	4	11	591821133.5	698.0652724	137.0358124	237498278.8	280.134134	7.148580074	354322849.5	417.9311304	19.09904099	1183642289	1183642417
data1	6	pairhmm_reference	f81	tfk91	1	1	1	4	10	603989445.5	712.4180488	149.738739	249679531.5	294.5021719	7.812897205	354309920.3	417.9158813	19.09498024	1207978911	1207979028
data2	20	pairhmm_domain_mix	f81	tkf92	10	10	10	4	29232	546317831.8	658.9287563	106.4193649	203769138.3	245.7714851	5.689004898	342548692.5	413.1572699	18.64324951	1092694128	1093034044
data2	5621	pairhmm_domain_mix	f81	tkf92	5	5	5	4	3692	548524261.3	661.5899899	108.4410629	205149226.9	247.4360474	5.752812386	343375034.6	414.1539436	18.78626442	1097055907	1097098838
data2	4721	pairhmm_domain_mix	f81	tkf92	4	4	4	4	1902	549498859.9	662.7654808	109.3701401	205805872.3	248.2280452	5.784504414	343692985.9	414.5374335	18.84318542	1099001524	1099023641
data2	21	pairhmm_domain_mix	f81	tkf92	3	3	3	4	812	551976416	665.7537289	111.5604095	207402713.6	250.1540386	5.859214306	344573706.8	415.5996949	18.97525406	1103954456	1103963898
data2	2843	pairhmm_fragment_mix	f81	tkf92	1	30	30	4	26162	552451610	666.3268725	111.5638657	209489410.1	252.6708601	5.9498353	342962200	413.6560125	18.68739128	1104955544	1105259762
data2	2844	pairhmm_fragment_mix	f81	tkf92	1	20	20	4	11642	552766147.2	666.7062443	111.8550339	209594726.4	252.7978849	5.955259323	343171420.8	413.9083594	18.71894455	1105555578	1105690954
data2	24	pairhmm_fragment_mix	f81	tkf92	1	10	10	4	2922	553697553.6	667.8296388	112.6575699	210081693.6	253.3852293	5.979402542	343615859.9	414.4444095	18.77686501	1107400951	1107434929
data2	2842	pairhmm_fragment_mix	f81	tkf92	1	5	5	4	737	556074602.9	670.6966637	115.0864029	211766652.2	255.4175039	6.06663084	344307950.9	415.2791589	18.90561295	1112150680	1112159250
data2	3821	pairhmm_domain_mix	f81	tkf92	2	2	2	4	248	556574539	671.2996464	115.9828415	211300331.3	254.8550615	6.056921005	345274213.8	416.4445948	19.08322906	1113149574	1113152458
data2	2841	pairhmm_fragment_mix	f81	tkf92	1	4	4	4	474	557450191.8	672.3557975	116.3347931	212430097.4	256.217703	6.097558498	345020094	416.1380949	19.01360321	1114901332	1114906843
data2	9074	pairhmm_site_mix	f81	tkf92	1	1	900	4	26103	558506112.6	673.7106306	117.133606	213097047.9	257.0531342	6.111548424	345409066.1	416.6574985	19.10008812	1117064431	1117367963
data2	574	pairhmm_site_mix	f81	tkf92	1	1	500	4	14503	558509030	673.714149	117.1183014	213099244.3	257.0557831	6.111213684	345409784.8	416.6583651	19.09864616	1117047066	1117215710
data2	374	pairhmm_site_mix	f81	tkf92	1	1	175	4	5078	558516182	673.7227788	117.1323776	213108216.2	257.0666049	6.111853123	345407966.5	416.6561724	19.09892273	1117042520	1117101568
data2	243	pairhmm_site_mix	f81	tkf92	1	1	30	4	873	558538273.5	673.7494218	117.1479111	213127754.4	257.0901737	6.112894535	345410512.5	416.6592411	19.09822655	1117078293	1117088444
data2	244	pairhmm_site_mix	f81	tkf92	1	1	20	4	583	558609613.3	673.8354804	117.22715	213199296.2	257.1764731	6.116716385	345410312.6	416.659002	19.0992012	1117220393	1117227172
data2	22	pairhmm_fragment_mix	f81	tkf92	1	3	3	4	269	559018804	674.2477424	117.8846054	213645607.1	257.6837619	6.160066605	345373196.4	416.563981	19.07126236	1118038146	1118041274
data2	25	pairhmm_site_mix	f81	tkf92	1	1	10	4	293	559000278.5	674.3067291	117.6177444	213588300.6	257.6457184	6.136940002	345411977.3	416.6610099	19.09968758	1118001143	1118004550
data2	242	pairhmm_site_mix	f81	tkf92	1	1	5	4	148	561051304	676.7808274	119.8144684	215641223.5	260.1221032	6.25138855	345410082.3	416.6587238	19.10020638	1122102904	1122104625
data2	241	pairhmm_site_mix	f81	tkf92	1	1	4	4	119	562367982	678.3690963	121.2238007	216934798.3	261.6825076	6.323782921	345433185.5	416.6865946	19.10360527	1124736202	1124737586
data2	2840	pairhmm_fragment_mix	f81	tkf92	1	2	2	4	122	563272609.5	679.3783722	122.3541946	217819636.9	262.7181715	6.388878345	345452971.6	416.6602004	19.08539391	1126545463	1126546882
data2	23	pairhmm_site_mix	f81	tkf92	1	1	3	4	90	563970978	680.3027499	122.9359131	218530007.5	263.6067639	6.41236496	345440973	416.6959861	19.10579491	1127942136	1127943183
data2	240	pairhmm_site_mix	f81	tkf92	1	1	2	4	61	567004021.5	683.9614261	126.3065948	221447939	267.1265869	6.583067417	345556082	416.8348385	19.12062836	1134008165	1134008874
data2	27	pairhmm_reference	f81	tkf92	1	1	1	4	11	575958984.5	694.7635527	136.6076355	230549657	278.105737	7.127441883	345409333.5	416.6578224	19.10057068	1151917991	1151918119
data2	26	pairhmm_reference	f81	tfk91	1	1	1	4	10	587517673	708.706483	149.0459747	242120976.5	292.0639028	7.778404713	345396691.5	416.6425702	19.09565926	1175035366	1175035482
data3	30	pairhmm_domain_mix	f81	tkf92	10	10	10	4	29232	547857661.9	669.1015368	106.7579651	204665461.1	249.9590388	5.710105896	343192200.4	419.1424975	18.62701225	1095773788	1096113339
data3	5631	pairhmm_domain_mix	f81	tkf92	5	5	5	4	3692	550049900.4	671.778929	108.8352356	206055344.9	251.6565115	5.777392864	343994555.2	420.1224175	18.76774788	1100107185	1100150070
data3	4731	pairhmm_domain_mix	f81	tkf92	4	4	4	4	1902	551045440.6	672.994787	109.825325	206728927.4	252.4791616	5.8104105	344316511.4	420.5156246	18.83054733	1102094685	1102116778
data3	31	pairhmm_domain_mix	f81	tkf92	3	3	3	4	812	553258669.5	675.6978175	111.7732925	208426355.5	254.5522408	5.888719082	344832313	421.145576	18.90942764	1106518963	1106528395
data3	3843	pairhmm_fragment_mix	f81	tkf92	1	30	30	4	26162	554124829.4	676.7556625	112.113533	210489941.3	257.0725081	5.97999239	343634888.1	419.6831544	18.67819786	1108301983	1108605874
data3	3844	pairhmm_fragment_mix	f81	tkf92	1	20	20	4	11642	554475709.7	677.1841945	112.4022141	210634442.2	257.2489878	5.987252235	343841267.3	419.9352064	18.70346832	1108974703	1109109934
data3	34	pairhmm_fragment_mix	f81	tkf92	1	10	10	4	2922	555433168	678.3535435	113.306366	211106237	257.8251934	6.012262821	344326931	420.5283502	18.77511024	1110872180	1110906121
data3	3842	pairhmm_fragment_mix	f81	tkf92	1	5	5	4	737	557958893.3	681.4382263	115.8600311	212866631.7	259.9751729	6.100753307	345092260.1	421.4630508	18.91950035	1115919261	1115927821
data3	3831	pairhmm_domain_mix	f81	tkf92	2	2	2	4	248	558290696	681.8434586	116.7016525	212496296	259.5228805	6.097432137	345794399	422.3205757	19.06714249	1116581888	1116584769
data3	3841	pairhmm_fragment_mix	f81	tkf92	1	4	4	4	474	559198950.5	682.9527152	117.0753174	213640670.9	260.9205113	6.142455101	345558281	422.0322053	18.98791313	1118398849	1118404355
data3	9075	pairhmm_site_mix	f81	tkf92	1	1	900	4	26103	560297002.9	684.3773542	117.8644867	214186246	261.6187764	6.146848679	346110756.3	422.7585779	19.10199547	1120646212	1120949418
data3	575	pairhmm_site_mix	f81	tkf92	1	1	500	4	14503	560299441.4	684.3803324	117.8942261	214188463.7	261.6214858	6.147369862	346110979.3	422.7588503	19.10518456	1120627889	1120796352
data3	375	pairhmm_site_mix	f81	tkf92	1	1	175	4	5078	560301731	684.3831282	117.889389	214192177.6	261.6260208	6.147459984	346109553.3	422.7571089	19.10414696	1120613618	1120672603
data3	343	pairhmm_site_mix	f81	tkf92	1	1	30	4	873	560326207	684.4130221	117.9090118	214216948.6	261.6562763	6.148772717	346109260.4	422.7567509	19.1032486	1120654160	1120664301
data3	344	pairhmm_site_mix	f81	tkf92	1	1	20	4	583	560364756.5	684.4601128	117.9412842	214254659.4	261.7023406	6.150635242	346110096.4	422.7577714	19.10268021	1120730679	1120737451
data3	35	pairhmm_site_mix	f81	tkf92	1	1	10	4	293	560760637.8	684.9436639	118.3502274	214649619.7	262.1847666	6.171484947	346111017.3	422.7588961	19.10414696	1121521862	1121525265
data3	32	pairhmm_fragment_mix	f81	tkf92	1	3	3	4	269	560920783.6	685.0555975	118.7142792	214849547.1	262.3969183	6.20051527	346071235.3	422.6586788	19.07331657	1121842105	1121845230
data3	342	pairhmm_site_mix	f81	tkf92	1	1	5	4	148	563060861.5	687.7532781	120.7775192	216921308.3	264.9595303	6.296474934	346139544.8	422.7937425	19.10891533	1126122019	1126123738
data3	341	pairhmm_site_mix	f81	tkf92	1	1	4	4	119	564153031	689.0873171	121.9842224	218025317.3	266.3080279	6.360169411	346127713.3	422.7792899	19.10656548	1128306300	1128307682
data3	3840	pairhmm_fragment_mix	f81	tkf92	1	2	2	4	122	564995048.3	690.0315196	123.0814362	218843119.2	267.2742898	6.423392773	346151927.9	422.7572292	19.08878517	1129990341	1129991758
data3	33	pairhmm_site_mix	f81	tkf92	1	1	3	4	90	565736240.5	691.0211352	123.6996994	219595265	268.2256485	6.44868803	346140975.3	422.7954885	19.10930252	1131472661	1131473706
data3	340	pairhmm_site_mix	f81	tkf92	1	1	2	4	61	568788883.5	694.7497994	127.1118011	222531503	271.8121311	6.621155739	346257385.8	422.9376796	19.12491417	1137577889	1137578598
data3	37	pairhmm_reference	f81	tkf92	1	1	1	4	11	577658484	705.5836172	137.3764801	231548757.5	282.8262974	7.163696766	346109724.5	422.7573169	19.10397339	1155316990	1155317118
data3	36	pairhmm_reference	f81	tfk91	1	1	1	4	10	589597347	720.1663943	150.443985	243500057.3	297.4242664	7.846764565	346097293.5	422.7421342	19.09996986	1179194714	1179194830