	pairID	ancestor	descendant	TREEDIST_anc-to-desc	perc_seq_id	anc_seq_len	desc_seq_len	alignment_len	num_matches	num_subs	num_ins	num_dels	pfam	clan	type	pfam_Nseqs	original_loc
0	FW_PF00198_p0	A4H464_LEIBR/234-468	Q4DDM3_TRYCC/200-436	0.81647	0.502127659574468	235	237	237	118	117	2	0	PF00198	CL0149	Domain	69	CHERRIES_split0_all_metadata/PF00198_metadata.tsv
1	RV_PF00198_p0	Q4DDM3_TRYCC/200-436	A4H464_LEIBR/234-468	0.81647	0.502127659574468	237	235	237	118	117	0	2	PF00198	CL0149	Domain	69	CHERRIES_split0_all_metadata/PF00198_metadata.tsv
2	FW_PF00198_p1	Q03DD0_PEDPA/195-427	Q9CJD7_LACLA/298-530	0.81828	0.5021459227467812	233	233	234	117	115	1	1	PF00198	CL0149	Domain	69	CHERRIES_split0_all_metadata/PF00198_metadata.tsv
3	RV_PF00198_p1	Q9CJD7_LACLA/298-530	Q03DD0_PEDPA/195-427	0.81828	0.5021459227467812	233	233	234	117	115	1	1	PF00198	CL0149	Domain	69	CHERRIES_split0_all_metadata/PF00198_metadata.tsv
4	FW_PF00198_p2	Q1IIF0_KORVE/320-555	Q2FY54_STAA8/193-416	1.2021700000000002	0.4196428571428571	236	224	237	94	129	1	13	PF00198	CL0149	Domain	69	CHERRIES_split0_all_metadata/PF00198_metadata.tsv
5	RV_PF00198_p2	Q2FY54_STAA8/193-416	Q1IIF0_KORVE/320-555	1.2021700000000002	0.4196428571428571	224	236	237	94	129	13	1	PF00198	CL0149	Domain	69	CHERRIES_split0_all_metadata/PF00198_metadata.tsv
6	FW_PF00198_p3	A5IXN4_MYCAP/10-243	Q6KH63_MYCMO/220-452	1.03092	0.4592274678111588	234	233	234	107	126	0	1	PF00198	CL0149	Domain	69	CHERRIES_split0_all_metadata/PF00198_metadata.tsv
7	RV_PF00198_p3	Q6KH63_MYCMO/220-452	A5IXN4_MYCAP/10-243	1.03092	0.4592274678111588	233	234	234	107	126	1	0	PF00198	CL0149	Domain	69	CHERRIES_split0_all_metadata/PF00198_metadata.tsv
8	FW_PF00198_p4	A6TMP1_ALKMQ/205-437	Q5UWH1_HALMA/304-539	0.98988	0.4678111587982833	233	236	237	109	123	4	1	PF00198	CL0149	Domain	69	CHERRIES_split0_all_metadata/PF00198_metadata.tsv
9	RV_PF00198_p4	Q5UWH1_HALMA/304-539	A6TMP1_ALKMQ/205-437	0.98988	0.4678111587982833	236	233	237	109	123	1	4	PF00198	CL0149	Domain	69	CHERRIES_split0_all_metadata/PF00198_metadata.tsv
10	FW_PF00198_p5	A5GAC3_GEOUR/194-419	A8FC90_BACP2/211-441	1.65795	0.3761061946902654	226	231	231	85	141	5	0	PF00198	CL0149	Domain	69	CHERRIES_split0_all_metadata/PF00198_metadata.tsv
11	RV_PF00198_p5	A8FC90_BACP2/211-441	A5GAC3_GEOUR/194-419	1.65795	0.3761061946902654	231	226	231	85	141	0	5	PF00198	CL0149	Domain	69	CHERRIES_split0_all_metadata/PF00198_metadata.tsv
12	FW_PF00198_p6	A0JUQ7_ARTS2/229-460	Q83FF4_TROWT/212-438	0.96626	0.4493392070484581	232	227	232	102	125	0	5	PF00198	CL0149	Domain	69	CHERRIES_split0_all_metadata/PF00198_metadata.tsv
13	RV_PF00198_p6	Q83FF4_TROWT/212-438	A0JUQ7_ARTS2/229-460	0.96626	0.4493392070484581	227	232	232	102	125	5	0	PF00198	CL0149	Domain	69	CHERRIES_split0_all_metadata/PF00198_metadata.tsv
14	FW_PF00198_p7	Q5HKM0_STAEQ/202-425	Q81CI7_BACCR/169-399	1.16716	0.4375	224	231	233	98	124	9	2	PF00198	CL0149	Domain	69	CHERRIES_split0_all_metadata/PF00198_metadata.tsv
15	RV_PF00198_p7	Q81CI7_BACCR/169-399	Q5HKM0_STAEQ/202-425	1.16716	0.4375	231	224	233	98	124	2	9	PF00198	CL0149	Domain	69	CHERRIES_split0_all_metadata/PF00198_metadata.tsv
16	FW_PF00198_p8	A4FGQ0_SACEN/225-452	Q73XK2_MYCPA/161-385	1.23666	0.4133333333333333	228	225	232	93	128	4	7	PF00198	CL0149	Domain	69	CHERRIES_split0_all_metadata/PF00198_metadata.tsv
17	RV_PF00198_p8	Q73XK2_MYCPA/161-385	A4FGQ0_SACEN/225-452	1.23666	0.4133333333333333	225	228	232	93	128	7	4	PF00198	CL0149	Domain	69	CHERRIES_split0_all_metadata/PF00198_metadata.tsv
18	FW_PF00198_p9	ODP2_BUCBP/176-410	Q87LU3_VIBPA/395-626	0.93388	0.4913793103448275	235	232	238	114	115	3	6	PF00198	CL0149	Domain	69	CHERRIES_split0_all_metadata/PF00198_metadata.tsv
19	RV_PF00198_p9	Q87LU3_VIBPA/395-626	ODP2_BUCBP/176-410	0.93388	0.4913793103448275	232	235	238	114	115	6	3	PF00198	CL0149	Domain	69	CHERRIES_split0_all_metadata/PF00198_metadata.tsv
20	FW_PF00198_p10	Q9KG97_HALH5/180-411	U5LA13_9BACI/162-388	1.01529	0.4493392070484581	232	227	235	102	122	3	8	PF00198	CL0149	Domain	69	CHERRIES_split0_all_metadata/PF00198_metadata.tsv
21	RV_PF00198_p10	U5LA13_9BACI/162-388	Q9KG97_HALH5/180-411	1.01529	0.4493392070484581	227	232	235	102	122	8	3	PF00198	CL0149	Domain	69	CHERRIES_split0_all_metadata/PF00198_metadata.tsv
22	FW_PF00198_p11	A0LLM2_SYNFM/206-441	Q1IX53_DEIGD/361-594	1.05466	0.4358974358974359	236	234	237	102	131	1	3	PF00198	CL0149	Domain	69	CHERRIES_split0_all_metadata/PF00198_metadata.tsv
23	RV_PF00198_p11	Q1IX53_DEIGD/361-594	A0LLM2_SYNFM/206-441	1.05466	0.4358974358974359	234	236	237	102	131	3	1	PF00198	CL0149	Domain	69	CHERRIES_split0_all_metadata/PF00198_metadata.tsv
24	FW_PF00198_p12	A8Z6A0_SULMW/148-370	Q8IJJ4_PLAF7/416-640	1.79561	0.3139013452914798	223	225	232	70	146	9	7	PF00198	CL0149	Domain	69	CHERRIES_split0_all_metadata/PF00198_metadata.tsv
25	RV_PF00198_p12	Q8IJJ4_PLAF7/416-640	A8Z6A0_SULMW/148-370	1.79561	0.3139013452914798	225	223	232	70	146	7	9	PF00198	CL0149	Domain	69	CHERRIES_split0_all_metadata/PF00198_metadata.tsv
26	FW_PF00198_p13	KGD_MYCS2/97-344	Q63HZ8_BURPS/252-481	2.42998	0.2521739130434782	248	230	251	58	169	3	21	PF00198	CL0149	Domain	69	CHERRIES_split0_all_metadata/PF00198_metadata.tsv
27	RV_PF00198_p13	Q63HZ8_BURPS/252-481	KGD_MYCS2/97-344	2.42998	0.2521739130434782	230	248	251	58	169	21	3	PF00198	CL0149	Domain	69	CHERRIES_split0_all_metadata/PF00198_metadata.tsv
28	FW_PF00198_p14	ODO2_BUCAI/188-418	Q8IEA6_PLAF7/189-419	0.83809	0.4978354978354978	231	231	231	115	116	0	0	PF00198	CL0149	Domain	69	CHERRIES_split0_all_metadata/PF00198_metadata.tsv
29	RV_PF00198_p14	Q8IEA6_PLAF7/189-419	ODO2_BUCAI/188-418	0.83809	0.4978354978354978	231	231	231	115	116	0	0	PF00198	CL0149	Domain	69	CHERRIES_split0_all_metadata/PF00198_metadata.tsv
30	FW_PF00198_p15	A9W9S5_CHLAA/229-461	Q8RD59_CALS4/185-414	1.00943	0.4782608695652174	233	230	235	110	118	2	5	PF00198	CL0149	Domain	69	CHERRIES_split0_all_metadata/PF00198_metadata.tsv
31	RV_PF00198_p15	Q8RD59_CALS4/185-414	A9W9S5_CHLAA/229-461	1.00943	0.4782608695652174	230	233	235	110	118	5	2	PF00198	CL0149	Domain	69	CHERRIES_split0_all_metadata/PF00198_metadata.tsv
32	FW_PF00198_p16	A0LSF1_ACIC1/217-449	O45279_CAEEL/97-322	1.36285	0.4247787610619469	233	226	235	96	128	2	9	PF00198	CL0149	Domain	69	CHERRIES_split0_all_metadata/PF00198_metadata.tsv
33	RV_PF00198_p16	O45279_CAEEL/97-322	A0LSF1_ACIC1/217-449	1.36285	0.4247787610619469	226	233	235	96	128	9	2	PF00198	CL0149	Domain	69	CHERRIES_split0_all_metadata/PF00198_metadata.tsv
34	FW_PF00198_p17	A7HBV2_ANADF/220-451	Q5SLR1_THET8/217-449	0.87556	0.5043103448275862	232	233	233	117	115	1	0	PF00198	CL0149	Domain	69	CHERRIES_split0_all_metadata/PF00198_metadata.tsv
35	RV_PF00198_p17	Q5SLR1_THET8/217-449	A7HBV2_ANADF/220-451	0.87556	0.5043103448275862	233	232	233	117	115	0	1	PF00198	CL0149	Domain	69	CHERRIES_split0_all_metadata/PF00198_metadata.tsv
36	FW_PF00198_p18	A7SJI4_NEMVE/174-396	B9KH21_ANAMF/208-432	1.02901	0.4484304932735426	223	225	230	100	118	7	5	PF00198	CL0149	Domain	69	CHERRIES_split0_all_metadata/PF00198_metadata.tsv
37	RV_PF00198_p18	B9KH21_ANAMF/208-432	A7SJI4_NEMVE/174-396	1.02901	0.4484304932735426	225	223	230	100	118	5	7	PF00198	CL0149	Domain	69	CHERRIES_split0_all_metadata/PF00198_metadata.tsv
38	FW_PF00198_p19	Q8DPQ9_STRR6/145-374	Q8RBW8_CALS4/173-398	1.6631399999999998	0.3407079646017699	230	226	235	77	144	5	9	PF00198	CL0149	Domain	69	CHERRIES_split0_all_metadata/PF00198_metadata.tsv
39	RV_PF00198_p19	Q8RBW8_CALS4/173-398	Q8DPQ9_STRR6/145-374	1.6631399999999998	0.3407079646017699	226	230	235	77	144	9	5	PF00198	CL0149	Domain	69	CHERRIES_split0_all_metadata/PF00198_metadata.tsv
40	FW_PF00198_p20	A5G5K2_GEOUR/156-387	Q0W153_METAR/195-425	1.0706099999999998	0.4848484848484848	232	231	235	112	116	3	4	PF00198	CL0149	Domain	69	CHERRIES_split0_all_metadata/PF00198_metadata.tsv
41	RV_PF00198_p20	Q0W153_METAR/195-425	A5G5K2_GEOUR/156-387	1.0706099999999998	0.4848484848484848	231	232	235	112	116	4	3	PF00198	CL0149	Domain	69	CHERRIES_split0_all_metadata/PF00198_metadata.tsv
42	FW_PF00198_p21	ODP2_MYCPN/169-401	Q6MPR6_BDEBA/309-540	1.7503	0.3663793103448275	233	232	234	85	146	1	2	PF00198	CL0149	Domain	69	CHERRIES_split0_all_metadata/PF00198_metadata.tsv
43	RV_PF00198_p21	Q6MPR6_BDEBA/309-540	ODP2_MYCPN/169-401	1.7503	0.3663793103448275	232	233	234	85	146	2	1	PF00198	CL0149	Domain	69	CHERRIES_split0_all_metadata/PF00198_metadata.tsv
44	FW_PF00198_p22	A5UU13_ROSS1/233-457	A9B180_HERA2/216-442	0.91287	0.4577777777777778	225	227	232	103	117	7	5	PF00198	CL0149	Domain	69	CHERRIES_split0_all_metadata/PF00198_metadata.tsv
45	RV_PF00198_p22	A9B180_HERA2/216-442	A5UU13_ROSS1/233-457	0.91287	0.4577777777777778	227	225	232	103	117	5	7	PF00198	CL0149	Domain	69	CHERRIES_split0_all_metadata/PF00198_metadata.tsv
46	FW_PF00198_p23	A0CLV5_PARTE/180-390	Q7PG41_ANOGA/236-467	1.21804	0.4360189573459715	211	232	233	92	118	22	1	PF00198	CL0149	Domain	69	CHERRIES_split0_all_metadata/PF00198_metadata.tsv
47	RV_PF00198_p23	Q7PG41_ANOGA/236-467	A0CLV5_PARTE/180-390	1.21804	0.4360189573459715	232	211	233	92	118	1	22	PF00198	CL0149	Domain	69	CHERRIES_split0_all_metadata/PF00198_metadata.tsv
48	FW_PF00198_p24	ODP2_SCHPO/252-483	ODP2_YEAST/248-482	0.89127	0.4913793103448275	232	235	235	114	118	3	0	PF00198	CL0149	Domain	69	CHERRIES_split0_all_metadata/PF00198_metadata.tsv
49	RV_PF00198_p24	ODP2_YEAST/248-482	ODP2_SCHPO/252-483	0.89127	0.4913793103448275	235	232	235	114	118	0	3	PF00198	CL0149	Domain	69	CHERRIES_split0_all_metadata/PF00198_metadata.tsv
50	FW_PF00198_p25	Q7MB23_PHOLL/166-382	Q87IG1_VIBPA/172-383	2.61707	0.2311320754716981	217	212	228	49	152	11	16	PF00198	CL0149	Domain	69	CHERRIES_split0_all_metadata/PF00198_metadata.tsv
51	RV_PF00198_p25	Q87IG1_VIBPA/172-383	Q7MB23_PHOLL/166-382	2.61707	0.2311320754716981	212	217	228	49	152	16	11	PF00198	CL0149	Domain	69	CHERRIES_split0_all_metadata/PF00198_metadata.tsv
52	FW_PF00198_p26	A2QTN3_ASPNC/236-469	Q6C806_YARLI/226-463	0.88676	0.4871794871794871	234	238	241	114	117	7	3	PF00198	CL0149	Domain	69	CHERRIES_split0_all_metadata/PF00198_metadata.tsv
53	RV_PF00198_p26	Q6C806_YARLI/226-463	A2QTN3_ASPNC/236-469	0.88676	0.4871794871794871	238	234	241	114	117	3	7	PF00198	CL0149	Domain	69	CHERRIES_split0_all_metadata/PF00198_metadata.tsv
54	FW_PF00198_p27	A4ICH2_LEIIN/226-463	Q018W7_OSTTA/269-503	0.9313	0.4808510638297872	238	235	243	113	117	5	8	PF00198	CL0149	Domain	69	CHERRIES_split0_all_metadata/PF00198_metadata.tsv
55	RV_PF00198_p27	Q018W7_OSTTA/269-503	A4ICH2_LEIIN/226-463	0.9313	0.4808510638297872	235	238	243	113	117	8	5	PF00198	CL0149	Domain	69	CHERRIES_split0_all_metadata/PF00198_metadata.tsv
56	FW_PF00198_p28	Q6MTX8_MYCMS/197-428	Q7UU97_RHOBA/235-467	1.45776	0.3836206896551724	232	233	233	89	143	1	0	PF00198	CL0149	Domain	69	CHERRIES_split0_all_metadata/PF00198_metadata.tsv
57	RV_PF00198_p28	Q7UU97_RHOBA/235-467	Q6MTX8_MYCMS/197-428	1.45776	0.3836206896551724	233	232	233	89	143	0	1	PF00198	CL0149	Domain	69	CHERRIES_split0_all_metadata/PF00198_metadata.tsv
58	FW_PF00198_p29	A1SQ65_NOCSJ/201-427	A4XEQ9_NOVAD/253-480	1.10324	0.4449339207048458	227	228	228	101	126	1	0	PF00198	CL0149	Domain	69	CHERRIES_split0_all_metadata/PF00198_metadata.tsv
59	RV_PF00198_p29	A4XEQ9_NOVAD/253-480	A1SQ65_NOCSJ/201-427	1.10324	0.4449339207048458	228	227	228	101	126	0	1	PF00198	CL0149	Domain	69	CHERRIES_split0_all_metadata/PF00198_metadata.tsv
60	FW_PF00198_p30	A5GEF2_GEOUR/180-403	Q67RX4_SYMTH/33-262	2.74194	0.2410714285714285	224	230	239	54	161	15	9	PF00198	CL0149	Domain	69	CHERRIES_split0_all_metadata/PF00198_metadata.tsv
61	RV_PF00198_p30	Q67RX4_SYMTH/33-262	A5GEF2_GEOUR/180-403	2.74194	0.2410714285714285	230	224	239	54	161	9	15	PF00198	CL0149	Domain	69	CHERRIES_split0_all_metadata/PF00198_metadata.tsv
62	FW_PF00198_p31	ODB2_ARATH/249-480	Q5KP05_CRYNJ/357-629	2.43048	0.2672413793103448	232	273	277	62	166	45	4	PF00198	CL0149	Domain	69	CHERRIES_split0_all_metadata/PF00198_metadata.tsv
63	RV_PF00198_p31	Q5KP05_CRYNJ/357-629	ODB2_ARATH/249-480	2.43048	0.2672413793103448	273	232	277	62	166	4	45	PF00198	CL0149	Domain	69	CHERRIES_split0_all_metadata/PF00198_metadata.tsv
64	FW_PF00198_p32	A5G2C9_ACICJ/193-425	O84249_CHLTR/201-428	0.97389	0.4736842105263157	233	228	235	108	118	2	7	PF00198	CL0149	Domain	69	CHERRIES_split0_all_metadata/PF00198_metadata.tsv
65	RV_PF00198_p32	O84249_CHLTR/201-428	A5G2C9_ACICJ/193-425	0.97389	0.4736842105263157	228	233	235	108	118	7	2	PF00198	CL0149	Domain	69	CHERRIES_split0_all_metadata/PF00198_metadata.tsv
66	FW_PF00198_p33	ODO2_STAA8/192-420	Q3A0D1_SYNC1/165-395	0.86063	0.5065502183406113	229	231	233	116	111	4	2	PF00198	CL0149	Domain	69	CHERRIES_split0_all_metadata/PF00198_metadata.tsv
67	RV_PF00198_p33	Q3A0D1_SYNC1/165-395	ODO2_STAA8/192-420	0.86063	0.5065502183406113	231	229	233	116	111	2	4	PF00198	CL0149	Domain	69	CHERRIES_split0_all_metadata/PF00198_metadata.tsv
68	FW_PF00244_p0	A2F4K6_TRIV3/16-237	A2FSF9_TRIV3/12-232	3.42726	0.1990950226244343	222	221	231	44	168	9	10	PF00244	CL0020	Repeat	137	CHERRIES_split0_all_metadata/PF00244_metadata.tsv
69	RV_PF00244_p0	A2FSF9_TRIV3/12-232	A2F4K6_TRIV3/16-237	3.42726	0.1990950226244343	221	222	231	44	168	10	9	PF00244	CL0020	Repeat	137	CHERRIES_split0_all_metadata/PF00244_metadata.tsv
70	FW_PF00244_p1	A2E4R6_TRIV3/10-232	A2ERZ3_TRIV3/10-229	2.67811	0.2818181818181818	223	220	242	62	139	19	22	PF00244	CL0020	Repeat	137	CHERRIES_split0_all_metadata/PF00244_metadata.tsv
71	RV_PF00244_p1	A2ERZ3_TRIV3/10-229	A2E4R6_TRIV3/10-232	2.67811	0.2818181818181818	220	223	242	62	139	22	19	PF00244	CL0020	Repeat	137	CHERRIES_split0_all_metadata/PF00244_metadata.tsv
72	FW_PF00244_p2	G5CBL3_HETGA/9-228	W5L9Z1_ASTMX/18-238	0.2051299999999999	0.8181818181818182	220	221	223	180	38	3	2	PF00244	CL0020	Repeat	137	CHERRIES_split0_all_metadata/PF00244_metadata.tsv
73	RV_PF00244_p2	W5L9Z1_ASTMX/18-238	G5CBL3_HETGA/9-228	0.2051299999999999	0.8181818181818182	221	220	223	180	38	2	3	PF00244	CL0020	Repeat	137	CHERRIES_split0_all_metadata/PF00244_metadata.tsv
74	FW_PF00244_p3	H2MK95_ORYLA/9-229	H2UDY6_TAKRU/9-228	0.36957	0.7454545454545455	221	220	223	164	54	2	3	PF00244	CL0020	Repeat	137	CHERRIES_split0_all_metadata/PF00244_metadata.tsv
75	RV_PF00244_p3	H2UDY6_TAKRU/9-228	H2MK95_ORYLA/9-229	0.36957	0.7454545454545455	220	221	223	164	54	3	2	PF00244	CL0020	Repeat	137	CHERRIES_split0_all_metadata/PF00244_metadata.tsv
76	FW_PF00244_p4	Q22W55_TETTS/12-233	Q22W56_TETTS/64-286	0.42407	0.6666666666666666	222	223	227	148	70	5	4	PF00244	CL0020	Repeat	137	CHERRIES_split0_all_metadata/PF00244_metadata.tsv
77	RV_PF00244_p4	Q22W56_TETTS/64-286	Q22W55_TETTS/12-233	0.42407	0.6666666666666666	223	222	227	148	70	4	5	PF00244	CL0020	Repeat	137	CHERRIES_split0_all_metadata/PF00244_metadata.tsv
78	FW_PF00244_p5	F6WRN9_MACMU/9-229	G1K9B0_ANOCA/9-229	0.0448	0.9502262443438914	221	221	223	210	9	2	2	PF00244	CL0020	Repeat	137	CHERRIES_split0_all_metadata/PF00244_metadata.tsv
79	RV_PF00244_p5	G1K9B0_ANOCA/9-229	F6WRN9_MACMU/9-229	0.0448	0.9502262443438914	221	221	223	210	9	2	2	PF00244	CL0020	Repeat	137	CHERRIES_split0_all_metadata/PF00244_metadata.tsv
80	FW_PF00244_p6	G3NHE7_GASAC/7-226	I3J3G0_ORENI/10-235	0.45458	0.75	220	226	226	165	55	6	0	PF00244	CL0020	Repeat	137	CHERRIES_split0_all_metadata/PF00244_metadata.tsv
81	RV_PF00244_p6	I3J3G0_ORENI/10-235	G3NHE7_GASAC/7-226	0.45458	0.75	226	220	226	165	55	0	6	PF00244	CL0020	Repeat	137	CHERRIES_split0_all_metadata/PF00244_metadata.tsv
82	FW_PF00244_p7	N4V437_FUSC1/11-232	W1NJU8_AMBTC/14-240	1.25271	0.4369369369369369	222	227	234	97	118	12	7	PF00244	CL0020	Repeat	137	CHERRIES_split0_all_metadata/PF00244_metadata.tsv
83	RV_PF00244_p7	W1NJU8_AMBTC/14-240	N4V437_FUSC1/11-232	1.25271	0.4369369369369369	227	222	234	97	118	7	12	PF00244	CL0020	Repeat	137	CHERRIES_split0_all_metadata/PF00244_metadata.tsv
84	FW_PF00244_p8	A2DNU8_TRIV3/7-224	A2FB70_TRIV3/10-233	3.7626	0.2293577981651376	218	224	234	50	158	16	10	PF00244	CL0020	Repeat	137	CHERRIES_split0_all_metadata/PF00244_metadata.tsv
85	RV_PF00244_p8	A2FB70_TRIV3/10-233	A2DNU8_TRIV3/7-224	3.7626	0.2293577981651376	224	218	234	50	158	10	16	PF00244	CL0020	Repeat	137	CHERRIES_split0_all_metadata/PF00244_metadata.tsv
86	FW_PF00244_p9	C4V9T4_NOSCE/12-242	R0KXN9_NOSB1/12-239	0.45502	0.6885964912280702	231	228	231	157	71	0	3	PF00244	CL0020	Repeat	137	CHERRIES_split0_all_metadata/PF00244_metadata.tsv
87	RV_PF00244_p9	R0KXN9_NOSB1/12-239	C4V9T4_NOSCE/12-242	0.45502	0.6885964912280702	228	231	231	157	71	3	0	PF00244	CL0020	Repeat	137	CHERRIES_split0_all_metadata/PF00244_metadata.tsv
88	FW_PF00244_p10	A0A1X7UN56_AMPQE/11-234	A0A1X7UNU4_AMPQE/16-241	0.7350099999999999	0.59375	224	226	231	133	86	7	5	PF00244	CL0020	Repeat	137	CHERRIES_split0_all_metadata/PF00244_metadata.tsv
89	RV_PF00244_p10	A0A1X7UNU4_AMPQE/16-241	A0A1X7UN56_AMPQE/11-234	0.7350099999999999	0.59375	226	224	231	133	86	5	7	PF00244	CL0020	Repeat	137	CHERRIES_split0_all_metadata/PF00244_metadata.tsv
90	FW_PF00244_p11	1433_GIAIC/13-236	H6BX69_EXODN/9-231	0.70875	0.6143497757847534	224	223	225	137	85	1	2	PF00244	CL0020	Repeat	137	CHERRIES_split0_all_metadata/PF00244_metadata.tsv
91	RV_PF00244_p11	H6BX69_EXODN/9-231	1433_GIAIC/13-236	0.70875	0.6143497757847534	223	224	225	137	85	2	1	PF00244	CL0020	Repeat	137	CHERRIES_split0_all_metadata/PF00244_metadata.tsv
92	FW_PF00244_p12	A2EH41_TRIV3/10-231	A2G036_TRIV3/11-235	1.39413	0.4144144144144144	222	225	225	92	130	3	0	PF00244	CL0020	Repeat	137	CHERRIES_split0_all_metadata/PF00244_metadata.tsv
93	RV_PF00244_p12	A2G036_TRIV3/11-235	A2EH41_TRIV3/10-231	1.39413	0.4144144144144144	225	222	225	92	130	0	3	PF00244	CL0020	Repeat	137	CHERRIES_split0_all_metadata/PF00244_metadata.tsv
94	FW_PF00244_p13	A0A384KC89_PLAKH/20-242	A4S116_OSTLU/6-238	4.40312	0.1704035874439461	223	233	249	38	169	26	16	PF00244	CL0020	Repeat	137	CHERRIES_split0_all_metadata/PF00244_metadata.tsv
95	RV_PF00244_p13	A4S116_OSTLU/6-238	A0A384KC89_PLAKH/20-242	4.40312	0.1704035874439461	233	223	249	38	169	16	26	PF00244	CL0020	Repeat	137	CHERRIES_split0_all_metadata/PF00244_metadata.tsv
96	FW_PF00244_p14	A0A3B3ICU5_ORYLA/10-229	H3CUS8_TETNG/17-236	0.35574	0.7636363636363637	220	220	223	168	49	3	3	PF00244	CL0020	Repeat	137	CHERRIES_split0_all_metadata/PF00244_metadata.tsv
97	RV_PF00244_p14	H3CUS8_TETNG/17-236	A0A3B3ICU5_ORYLA/10-229	0.35574	0.7636363636363637	220	220	223	168	49	3	3	PF00244	CL0020	Repeat	137	CHERRIES_split0_all_metadata/PF00244_metadata.tsv
98	FW_PF00244_p15	A0A1X7V2V5_AMPQE/9-226	A7S4S2_NEMVE/10-232	0.57733	0.6467889908256881	218	223	227	141	73	9	4	PF00244	CL0020	Repeat	137	CHERRIES_split0_all_metadata/PF00244_metadata.tsv
99	RV_PF00244_p15	A7S4S2_NEMVE/10-232	A0A1X7V2V5_AMPQE/9-226	0.57733	0.6467889908256881	223	218	227	141	73	4	9	PF00244	CL0020	Repeat	137	CHERRIES_split0_all_metadata/PF00244_metadata.tsv
100	FW_PF00244_p16	G0SBN0_CHATD/11-233	K2RXL7_MACPH/11-231	0.42644	0.6923076923076923	223	221	224	153	67	1	3	PF00244	CL0020	Repeat	137	CHERRIES_split0_all_metadata/PF00244_metadata.tsv
101	RV_PF00244_p16	K2RXL7_MACPH/11-231	G0SBN0_CHATD/11-233	0.42644	0.6923076923076923	221	223	224	153	67	3	1	PF00244	CL0020	Repeat	137	CHERRIES_split0_all_metadata/PF00244_metadata.tsv
102	FW_PF00244_p17	B7G5Y2_PHATC/9-227	D7FN58_ECTSI/10-229	0.29207	0.7853881278538812	219	220	220	172	47	1	0	PF00244	CL0020	Repeat	137	CHERRIES_split0_all_metadata/PF00244_metadata.tsv
103	RV_PF00244_p17	D7FN58_ECTSI/10-229	B7G5Y2_PHATC/9-227	0.29207	0.7853881278538812	220	219	220	172	47	0	1	PF00244	CL0020	Repeat	137	CHERRIES_split0_all_metadata/PF00244_metadata.tsv
104	FW_PF00244_p18	M2RQX7_CERS8/16-241	S8EJY0_FOMPI/11-234	0.4545099999999999	0.6919642857142857	226	224	226	155	69	0	2	PF00244	CL0020	Repeat	137	CHERRIES_split0_all_metadata/PF00244_metadata.tsv
105	RV_PF00244_p18	S8EJY0_FOMPI/11-234	M2RQX7_CERS8/16-241	0.4545099999999999	0.6919642857142857	224	226	226	155	69	2	0	PF00244	CL0020	Repeat	137	CHERRIES_split0_all_metadata/PF00244_metadata.tsv
106	FW_PF00244_p19	F2Z6F8_YARLI/11-233	R4XJI5_TAPDE/9-233	0.34596	0.7668161434977578	223	225	225	171	52	2	0	PF00244	CL0020	Repeat	137	CHERRIES_split0_all_metadata/PF00244_metadata.tsv
107	RV_PF00244_p19	R4XJI5_TAPDE/9-233	F2Z6F8_YARLI/11-233	0.34596	0.7668161434977578	225	223	225	171	52	0	2	PF00244	CL0020	Repeat	137	CHERRIES_split0_all_metadata/PF00244_metadata.tsv
108	FW_PF00244_p20	A0CA92_PARTE/11-233	I7M2E3_TETTS/11-232	1.00103	0.5180180180180181	223	222	224	115	106	1	2	PF00244	CL0020	Repeat	137	CHERRIES_split0_all_metadata/PF00244_metadata.tsv
109	RV_PF00244_p20	I7M2E3_TETTS/11-232	A0CA92_PARTE/11-233	1.00103	0.5180180180180181	222	223	224	115	106	2	1	PF00244	CL0020	Repeat	137	CHERRIES_split0_all_metadata/PF00244_metadata.tsv
110	FW_PF00244_p21	D2VIW7_NAEGR/13-234	Q7X7A7_CHLRE/13-236	0.65462	0.6306306306306306	222	224	225	140	81	3	1	PF00244	CL0020	Repeat	137	CHERRIES_split0_all_metadata/PF00244_metadata.tsv
111	RV_PF00244_p21	Q7X7A7_CHLRE/13-236	D2VIW7_NAEGR/13-234	0.65462	0.6306306306306306	224	222	225	140	81	1	3	PF00244	CL0020	Repeat	137	CHERRIES_split0_all_metadata/PF00244_metadata.tsv
112	FW_PF00244_p22	A4HUU6_LEIIN/17-235	Q4DRH6_TRYCC/16-234	0.37422	0.7168949771689498	219	219	219	157	62	0	0	PF00244	CL0020	Repeat	137	CHERRIES_split0_all_metadata/PF00244_metadata.tsv
113	RV_PF00244_p22	Q4DRH6_TRYCC/16-234	A4HUU6_LEIIN/17-235	0.37422	0.7168949771689498	219	219	219	157	62	0	0	PF00244	CL0020	Repeat	137	CHERRIES_split0_all_metadata/PF00244_metadata.tsv
114	FW_PF00244_p23	T1FMT1_HELRO/11-230	T1FNZ9_HELRO/11-231	0.36855	0.740909090909091	220	221	221	163	57	1	0	PF00244	CL0020	Repeat	137	CHERRIES_split0_all_metadata/PF00244_metadata.tsv
115	RV_PF00244_p23	T1FNZ9_HELRO/11-231	T1FMT1_HELRO/11-230	0.36855	0.740909090909091	221	220	221	163	57	0	1	PF00244	CL0020	Repeat	137	CHERRIES_split0_all_metadata/PF00244_metadata.tsv
116	FW_PF00244_p24	A0A125YYS9_TOXGV/75-296	F6RU13_CIOIN/11-233	1.68908	0.4279279279279279	222	223	233	95	117	11	10	PF00244	CL0020	Repeat	137	CHERRIES_split0_all_metadata/PF00244_metadata.tsv
117	RV_PF00244_p24	F6RU13_CIOIN/11-233	A0A125YYS9_TOXGV/75-296	1.68908	0.4279279279279279	223	222	233	95	117	10	11	PF00244	CL0020	Repeat	137	CHERRIES_split0_all_metadata/PF00244_metadata.tsv
118	FW_PF00244_p25	Q4N4N3_THEPA/13-239	Q5CUW0_CRYPI/33-257	0.58357	0.6355555555555555	227	225	227	143	82	0	2	PF00244	CL0020	Repeat	137	CHERRIES_split0_all_metadata/PF00244_metadata.tsv
119	RV_PF00244_p25	Q5CUW0_CRYPI/33-257	Q4N4N3_THEPA/13-239	0.58357	0.6355555555555555	225	227	227	143	82	2	0	PF00244	CL0020	Repeat	137	CHERRIES_split0_all_metadata/PF00244_metadata.tsv
120	FW_PF00244_p26	F6WL19_CIOIN/11-232	H2ZQW6_CIOSA/12-229	0.3196	0.7889908256880734	222	218	224	172	44	2	6	PF00244	CL0020	Repeat	137	CHERRIES_split0_all_metadata/PF00244_metadata.tsv
121	RV_PF00244_p26	H2ZQW6_CIOSA/12-229	F6WL19_CIOIN/11-232	0.3196	0.7889908256880734	218	222	224	172	44	6	2	PF00244	CL0020	Repeat	137	CHERRIES_split0_all_metadata/PF00244_metadata.tsv
122	FW_PF00244_p27	A0A8U0WPT1_TRIV3/11-233	A2FQW3_TRIV3/11-234	1.42781	0.4080717488789238	223	224	224	91	132	1	0	PF00244	CL0020	Repeat	137	CHERRIES_split0_all_metadata/PF00244_metadata.tsv
123	RV_PF00244_p27	A2FQW3_TRIV3/11-234	A0A8U0WPT1_TRIV3/11-233	1.42781	0.4080717488789238	224	223	224	91	132	0	1	PF00244	CL0020	Repeat	137	CHERRIES_split0_all_metadata/PF00244_metadata.tsv
124	FW_PF00244_p28	T1EG24_HELRO/13-234	T1G259_HELRO/12-233	0.31728	0.7927927927927928	222	222	222	176	46	0	0	PF00244	CL0020	Repeat	137	CHERRIES_split0_all_metadata/PF00244_metadata.tsv
125	RV_PF00244_p28	T1G259_HELRO/12-233	T1EG24_HELRO/13-234	0.31728	0.7927927927927928	222	222	222	176	46	0	0	PF00244	CL0020	Repeat	137	CHERRIES_split0_all_metadata/PF00244_metadata.tsv
126	FW_PF00244_p29	14331_SCHMA/20-239	G4LWW0_SCHMA/21-239	0.79729	0.5844748858447488	220	219	224	128	87	4	5	PF00244	CL0020	Repeat	137	CHERRIES_split0_all_metadata/PF00244_metadata.tsv
127	RV_PF00244_p29	G4LWW0_SCHMA/21-239	14331_SCHMA/20-239	0.79729	0.5844748858447488	219	220	224	128	87	5	4	PF00244	CL0020	Repeat	137	CHERRIES_split0_all_metadata/PF00244_metadata.tsv
128	FW_PF00244_p30	B6AI61_CRYMR/9-226	Q5CSF3_CRYPI/14-235	0.69338	0.591743119266055	218	222	222	129	89	4	0	PF00244	CL0020	Repeat	137	CHERRIES_split0_all_metadata/PF00244_metadata.tsv
129	RV_PF00244_p30	Q5CSF3_CRYPI/14-235	B6AI61_CRYMR/9-226	0.69338	0.591743119266055	222	218	222	129	89	0	4	PF00244	CL0020	Repeat	137	CHERRIES_split0_all_metadata/PF00244_metadata.tsv
130	FW_PF00244_p31	C4M323_ENTH1/10-232	H2ZAV9_CIOSA/18-241	0.6890000000000001	0.600896860986547	223	224	229	134	84	6	5	PF00244	CL0020	Repeat	137	CHERRIES_split0_all_metadata/PF00244_metadata.tsv
131	RV_PF00244_p31	H2ZAV9_CIOSA/18-241	C4M323_ENTH1/10-232	0.6890000000000001	0.600896860986547	224	223	229	134	84	5	6	PF00244	CL0020	Repeat	137	CHERRIES_split0_all_metadata/PF00244_metadata.tsv
132	FW_PF00244_p32	B7XJ58_ENTBH/22-244	L2GLB6_VITCO/12-238	1.11228	0.484304932735426	223	227	229	108	113	6	2	PF00244	CL0020	Repeat	137	CHERRIES_split0_all_metadata/PF00244_metadata.tsv
133	RV_PF00244_p32	L2GLB6_VITCO/12-238	B7XJ58_ENTBH/22-244	1.11228	0.484304932735426	227	223	229	108	113	2	6	PF00244	CL0020	Repeat	137	CHERRIES_split0_all_metadata/PF00244_metadata.tsv
134	FW_PF00244_p33	M1AD29_SOLTU/13-235	M4C7U0_BRARP/13-235	0.26823	0.7713004484304933	223	223	223	172	51	0	0	PF00244	CL0020	Repeat	137	CHERRIES_split0_all_metadata/PF00244_metadata.tsv
135	RV_PF00244_p33	M4C7U0_BRARP/13-235	M1AD29_SOLTU/13-235	0.26823	0.7713004484304933	223	223	223	172	51	0	0	PF00244	CL0020	Repeat	137	CHERRIES_split0_all_metadata/PF00244_metadata.tsv
136	FW_PF00244_p34	A0A1X7UM68_AMPQE/11-230	A0A1X7UMT6_AMPQE/11-230	0.27053	0.8	220	220	221	176	43	1	1	PF00244	CL0020	Repeat	137	CHERRIES_split0_all_metadata/PF00244_metadata.tsv
137	RV_PF00244_p34	A0A1X7UMT6_AMPQE/11-230	A0A1X7UM68_AMPQE/11-230	0.27053	0.8	220	220	221	176	43	1	1	PF00244	CL0020	Repeat	137	CHERRIES_split0_all_metadata/PF00244_metadata.tsv
138	FW_PF00244_p35	A0A7M7P9F1_STRPU/11-234	C1E2K1_MICCC/19-248	0.70557	0.6696428571428571	224	230	230	150	74	6	0	PF00244	CL0020	Repeat	137	CHERRIES_split0_all_metadata/PF00244_metadata.tsv
139	RV_PF00244_p35	C1E2K1_MICCC/19-248	A0A7M7P9F1_STRPU/11-234	0.70557	0.6696428571428571	230	224	230	150	74	0	6	PF00244	CL0020	Repeat	137	CHERRIES_split0_all_metadata/PF00244_metadata.tsv
140	FW_PF00244_p36	F6TNW3_CIOIN/11-230	Q95W36_SCHMA/11-232	0.63927	0.6636363636363637	220	222	226	146	70	6	4	PF00244	CL0020	Repeat	137	CHERRIES_split0_all_metadata/PF00244_metadata.tsv
141	RV_PF00244_p36	Q95W36_SCHMA/11-232	F6TNW3_CIOIN/11-230	0.63927	0.6636363636363637	222	220	226	146	70	4	6	PF00244	CL0020	Repeat	137	CHERRIES_split0_all_metadata/PF00244_metadata.tsv
142	FW_PF00244_p37	A0A0D2VIK6_CAPO3/10-229	H2ZB59_CIOSA/12-233	0.86854	0.5318181818181819	220	222	225	117	100	5	3	PF00244	CL0020	Repeat	137	CHERRIES_split0_all_metadata/PF00244_metadata.tsv
143	RV_PF00244_p37	H2ZB59_CIOSA/12-233	A0A0D2VIK6_CAPO3/10-229	0.86854	0.5318181818181819	222	220	225	117	100	3	5	PF00244	CL0020	Repeat	137	CHERRIES_split0_all_metadata/PF00244_metadata.tsv
144	FW_PF00244_p38	H3D707_TETNG/10-230	H9GNH2_ANOCA/9-229	0.43502	0.6923076923076923	221	221	223	153	66	2	2	PF00244	CL0020	Repeat	137	CHERRIES_split0_all_metadata/PF00244_metadata.tsv
145	RV_PF00244_p38	H9GNH2_ANOCA/9-229	H3D707_TETNG/10-230	0.43502	0.6923076923076923	221	221	223	153	66	2	2	PF00244	CL0020	Repeat	137	CHERRIES_split0_all_metadata/PF00244_metadata.tsv
146	FW_PF00244_p39	A0A8R2B849_ACYPI/18-242	F2UFG7_SALR5/23-244	2.67186	0.2882882882882883	225	222	232	64	151	7	10	PF00244	CL0020	Repeat	137	CHERRIES_split0_all_metadata/PF00244_metadata.tsv
147	RV_PF00244_p39	F2UFG7_SALR5/23-244	A0A8R2B849_ACYPI/18-242	2.67186	0.2882882882882883	222	225	232	64	151	10	7	PF00244	CL0020	Repeat	137	CHERRIES_split0_all_metadata/PF00244_metadata.tsv
148	FW_PF00244_p40	14337_ORYSJ/10-232	K3ZJM9_SETIT/10-230	0.80455	0.5565610859728507	223	221	226	123	95	3	5	PF00244	CL0020	Repeat	137	CHERRIES_split0_all_metadata/PF00244_metadata.tsv
149	RV_PF00244_p40	K3ZJM9_SETIT/10-230	14337_ORYSJ/10-232	0.80455	0.5565610859728507	221	223	226	123	95	5	3	PF00244	CL0020	Repeat	137	CHERRIES_split0_all_metadata/PF00244_metadata.tsv
150	FW_PF00244_p41	A0A1X7UN50_AMPQE/42-261	K1PPQ1_CRAGI/10-235	0.748	0.5954545454545455	220	226	228	131	87	8	2	PF00244	CL0020	Repeat	137	CHERRIES_split0_all_metadata/PF00244_metadata.tsv
151	RV_PF00244_p41	K1PPQ1_CRAGI/10-235	A0A1X7UN50_AMPQE/42-261	0.748	0.5954545454545455	226	220	228	131	87	2	8	PF00244	CL0020	Repeat	137	CHERRIES_split0_all_metadata/PF00244_metadata.tsv
152	FW_PF00244_p42	F4IA59_ARATH/11-234	M4F1S3_BRARP/11-233	0.37388	0.6995515695067265	224	223	224	156	67	0	1	PF00244	CL0020	Repeat	137	CHERRIES_split0_all_metadata/PF00244_metadata.tsv
153	RV_PF00244_p42	M4F1S3_BRARP/11-233	F4IA59_ARATH/11-234	0.37388	0.6995515695067265	223	224	224	156	67	1	0	PF00244	CL0020	Repeat	137	CHERRIES_split0_all_metadata/PF00244_metadata.tsv
154	FW_PF00244_p43	F2UD03_SALR5/10-230	G1KJR4_ANOCA/10-231	1.3644	0.497737556561086	221	222	231	110	102	10	9	PF00244	CL0020	Repeat	137	CHERRIES_split0_all_metadata/PF00244_metadata.tsv
155	RV_PF00244_p43	G1KJR4_ANOCA/10-231	F2UD03_SALR5/10-230	1.3644	0.497737556561086	222	221	231	110	102	9	10	PF00244	CL0020	Repeat	137	CHERRIES_split0_all_metadata/PF00244_metadata.tsv
156	FW_PF00244_p44	A2DQL3_TRIV3/9-235	A2ECB8_TRIV3/9-231	2.033	0.3139013452914798	227	223	230	70	150	3	7	PF00244	CL0020	Repeat	137	CHERRIES_split0_all_metadata/PF00244_metadata.tsv
157	RV_PF00244_p44	A2ECB8_TRIV3/9-231	A2DQL3_TRIV3/9-235	2.033	0.3139013452914798	223	227	230	70	150	7	3	PF00244	CL0020	Repeat	137	CHERRIES_split0_all_metadata/PF00244_metadata.tsv
158	FW_PF00244_p45	D3BCY8_POLPP/8-227	S9W2P3_SCHCR/11-233	1.2615	0.45	220	223	224	99	120	4	1	PF00244	CL0020	Repeat	137	CHERRIES_split0_all_metadata/PF00244_metadata.tsv
159	RV_PF00244_p45	S9W2P3_SCHCR/11-233	D3BCY8_POLPP/8-227	1.2615	0.45	223	220	224	99	120	1	4	PF00244	CL0020	Repeat	137	CHERRIES_split0_all_metadata/PF00244_metadata.tsv
160	FW_PF00244_p46	I1BWN7_RHIO9/10-231	S2KAQ4_MUCC1/11-233	0.32336	0.7477477477477478	222	223	223	166	56	1	0	PF00244	CL0020	Repeat	137	CHERRIES_split0_all_metadata/PF00244_metadata.tsv
161	RV_PF00244_p46	S2KAQ4_MUCC1/11-233	I1BWN7_RHIO9/10-231	0.32336	0.7477477477477478	223	222	223	166	56	0	1	PF00244	CL0020	Repeat	137	CHERRIES_split0_all_metadata/PF00244_metadata.tsv
162	FW_PF00244_p47	K5WK95_PHACS/17-241	V2XV00_MONRO/20-248	0.80021	0.5644444444444444	225	229	229	127	98	4	0	PF00244	CL0020	Repeat	137	CHERRIES_split0_all_metadata/PF00244_metadata.tsv
163	RV_PF00244_p47	V2XV00_MONRO/20-248	K5WK95_PHACS/17-241	0.80021	0.5644444444444444	229	225	229	127	98	0	4	PF00244	CL0020	Repeat	137	CHERRIES_split0_all_metadata/PF00244_metadata.tsv
164	FW_PF00244_p48	A4S8V0_OSTLU/12-242	C1E476_MICCC/15-243	0.5826	0.6244541484716157	231	229	233	143	84	2	4	PF00244	CL0020	Repeat	137	CHERRIES_split0_all_metadata/PF00244_metadata.tsv
165	RV_PF00244_p48	C1E476_MICCC/15-243	A4S8V0_OSTLU/12-242	0.5826	0.6244541484716157	229	231	233	143	84	4	2	PF00244	CL0020	Repeat	137	CHERRIES_split0_all_metadata/PF00244_metadata.tsv
166	FW_PF00244_p49	G0R3S3_ICHMG/1-210	Q232M6_TETTS/12-235	0.45652	0.6904761904761905	210	224	227	145	62	17	3	PF00244	CL0020	Repeat	137	CHERRIES_split0_all_metadata/PF00244_metadata.tsv
167	RV_PF00244_p49	Q232M6_TETTS/12-235	G0R3S3_ICHMG/1-210	0.45652	0.6904761904761905	224	210	227	145	62	3	17	PF00244	CL0020	Repeat	137	CHERRIES_split0_all_metadata/PF00244_metadata.tsv
168	FW_PF00244_p50	F6S1Q4_CIOIN/25-245	H2ZEP1_CIOSA/25-245	0.39187	0.7194570135746606	221	221	221	159	62	0	0	PF00244	CL0020	Repeat	137	CHERRIES_split0_all_metadata/PF00244_metadata.tsv
169	RV_PF00244_p50	H2ZEP1_CIOSA/25-245	F6S1Q4_CIOIN/25-245	0.39187	0.7194570135746606	221	221	221	159	62	0	0	PF00244	CL0020	Repeat	137	CHERRIES_split0_all_metadata/PF00244_metadata.tsv
170	FW_PF00244_p51	B4GU54_DROPE/10-231	G0QMN5_ICHMG/21-252	1.77086	0.3828828828828828	222	232	236	85	133	14	4	PF00244	CL0020	Repeat	137	CHERRIES_split0_all_metadata/PF00244_metadata.tsv
171	RV_PF00244_p51	G0QMN5_ICHMG/21-252	B4GU54_DROPE/10-231	1.77086	0.3828828828828828	232	222	236	85	133	4	14	PF00244	CL0020	Repeat	137	CHERRIES_split0_all_metadata/PF00244_metadata.tsv
172	FW_PF00244_p52	B3S468_TRIAD/10-233	E9H1W5_DAPPU/11-231	0.3401599999999999	0.7601809954751131	224	221	224	168	53	0	3	PF00244	CL0020	Repeat	137	CHERRIES_split0_all_metadata/PF00244_metadata.tsv
173	RV_PF00244_p52	E9H1W5_DAPPU/11-231	B3S468_TRIAD/10-233	0.3401599999999999	0.7601809954751131	221	224	224	168	53	3	0	PF00244	CL0020	Repeat	137	CHERRIES_split0_all_metadata/PF00244_metadata.tsv
174	FW_PF00244_p53	L2GXD4_VAVCU/13-240	S7XFS0_SPRLO/11-238	0.95869	0.5263157894736842	228	228	228	120	108	0	0	PF00244	CL0020	Repeat	137	CHERRIES_split0_all_metadata/PF00244_metadata.tsv
175	RV_PF00244_p53	S7XFS0_SPRLO/11-238	L2GXD4_VAVCU/13-240	0.95869	0.5263157894736842	228	228	228	120	108	0	0	PF00244	CL0020	Repeat	137	CHERRIES_split0_all_metadata/PF00244_metadata.tsv
176	FW_PF00244_p54	Q383X6_TRYB2/37-256	Q4Q198_LEIMA/35-254	0.20939	0.8181818181818182	220	220	221	180	39	1	1	PF00244	CL0020	Repeat	137	CHERRIES_split0_all_metadata/PF00244_metadata.tsv
177	RV_PF00244_p54	Q4Q198_LEIMA/35-254	Q383X6_TRYB2/37-256	0.20939	0.8181818181818182	220	220	221	180	39	1	1	PF00244	CL0020	Repeat	137	CHERRIES_split0_all_metadata/PF00244_metadata.tsv
178	FW_PF00244_p55	1433_ENCCU/12-239	J8ZPW9_EDHAE/11-239	1.1172	0.5263157894736842	228	229	234	120	103	6	5	PF00244	CL0020	Repeat	137	CHERRIES_split0_all_metadata/PF00244_metadata.tsv
179	RV_PF00244_p55	J8ZPW9_EDHAE/11-239	1433_ENCCU/12-239	1.1172	0.5263157894736842	229	228	234	120	103	5	6	PF00244	CL0020	Repeat	137	CHERRIES_split0_all_metadata/PF00244_metadata.tsv
180	FW_PF00244_p56	H2AQB0_KAZAF/11-237	U5H158_USTV1/11-233	0.3678099999999999	0.7623318385650224	227	223	227	170	53	0	4	PF00244	CL0020	Repeat	137	CHERRIES_split0_all_metadata/PF00244_metadata.tsv
181	RV_PF00244_p56	U5H158_USTV1/11-233	H2AQB0_KAZAF/11-237	0.3678099999999999	0.7623318385650224	223	227	227	170	53	4	0	PF00244	CL0020	Repeat	137	CHERRIES_split0_all_metadata/PF00244_metadata.tsv
182	FW_PF00244_p57	14338_ARATH/13-238	I1K9V8_SOYBN/14-238	0.23715	0.8044444444444444	226	225	226	181	44	0	1	PF00244	CL0020	Repeat	137	CHERRIES_split0_all_metadata/PF00244_metadata.tsv
183	RV_PF00244_p57	I1K9V8_SOYBN/14-238	14338_ARATH/13-238	0.23715	0.8044444444444444	225	226	226	181	44	1	0	PF00244	CL0020	Repeat	137	CHERRIES_split0_all_metadata/PF00244_metadata.tsv
184	FW_PF00244_p58	A0A3B1IGA1_ASTMX/10-234	A0A8M1PI77_DANRE/9-228	0.38437	0.7454545454545455	225	220	225	164	56	0	5	PF00244	CL0020	Repeat	137	CHERRIES_split0_all_metadata/PF00244_metadata.tsv
185	RV_PF00244_p58	A0A8M1PI77_DANRE/9-228	A0A3B1IGA1_ASTMX/10-234	0.38437	0.7454545454545455	220	225	225	164	56	5	0	PF00244	CL0020	Repeat	137	CHERRIES_split0_all_metadata/PF00244_metadata.tsv
186	FW_PF00244_p59	B3S6H3_TRIAD/10-232	T1FXW3_HELRO/10-232	0.38923	0.7443946188340808	223	223	223	166	57	0	0	PF00244	CL0020	Repeat	137	CHERRIES_split0_all_metadata/PF00244_metadata.tsv
187	RV_PF00244_p59	T1FXW3_HELRO/10-232	B3S6H3_TRIAD/10-232	0.38923	0.7443946188340808	223	223	223	166	57	0	0	PF00244	CL0020	Repeat	137	CHERRIES_split0_all_metadata/PF00244_metadata.tsv
188	FW_PF00244_p60	H0XZI5_OTOGA/11-231	H0Z417_TAEGU/9-229	0.0773399999999999	0.9140271493212668	221	221	224	202	16	3	3	PF00244	CL0020	Repeat	137	CHERRIES_split0_all_metadata/PF00244_metadata.tsv
189	RV_PF00244_p60	H0Z417_TAEGU/9-229	H0XZI5_OTOGA/11-231	0.0773399999999999	0.9140271493212668	221	221	224	202	16	3	3	PF00244	CL0020	Repeat	137	CHERRIES_split0_all_metadata/PF00244_metadata.tsv
190	FW_PF00244_p61	A0A1X7V3G8_AMPQE/78-308	I3EIC0_NEMP3/10-242	1.18072	0.4805194805194805	231	233	251	111	102	20	18	PF00244	CL0020	Repeat	137	CHERRIES_split0_all_metadata/PF00244_metadata.tsv
191	RV_PF00244_p61	I3EIC0_NEMP3/10-242	A0A1X7V3G8_AMPQE/78-308	1.18072	0.4805194805194805	233	231	251	111	102	18	20	PF00244	CL0020	Repeat	137	CHERRIES_split0_all_metadata/PF00244_metadata.tsv
192	FW_PF00244_p62	A0A804IPY7_MUSAM/13-235	B9MUI3_POPTR/10-231	0.9457	0.536036036036036	223	222	229	119	97	6	7	PF00244	CL0020	Repeat	137	CHERRIES_split0_all_metadata/PF00244_metadata.tsv
193	RV_PF00244_p62	B9MUI3_POPTR/10-231	A0A804IPY7_MUSAM/13-235	0.9457	0.536036036036036	222	223	229	119	97	7	6	PF00244	CL0020	Repeat	137	CHERRIES_split0_all_metadata/PF00244_metadata.tsv
194	FW_PF00244_p63	A0D7E8_PARTE/249-470	I7MLD8_TETTS/14-242	0.61069	0.6126126126126126	222	229	230	136	85	8	1	PF00244	CL0020	Repeat	137	CHERRIES_split0_all_metadata/PF00244_metadata.tsv
195	RV_PF00244_p63	I7MLD8_TETTS/14-242	A0D7E8_PARTE/249-470	0.61069	0.6126126126126126	229	222	230	136	85	1	8	PF00244	CL0020	Repeat	137	CHERRIES_split0_all_metadata/PF00244_metadata.tsv
196	FW_PF00244_p64	A0A7M7GI35_STRPU/17-241	A7S252_NEMVE/17-237	0.7213799999999999	0.6153846153846154	225	221	231	136	79	6	10	PF00244	CL0020	Repeat	137	CHERRIES_split0_all_metadata/PF00244_metadata.tsv
197	RV_PF00244_p64	A7S252_NEMVE/17-237	A0A7M7GI35_STRPU/17-241	0.7213799999999999	0.6153846153846154	221	225	231	136	79	10	6	PF00244	CL0020	Repeat	137	CHERRIES_split0_all_metadata/PF00244_metadata.tsv
198	FW_PF00244_p65	A0A1X7U0S8_AMPQE/7-227	A7S0E0_NEMVE/10-232	0.95497	0.5339366515837104	221	223	225	118	101	4	2	PF00244	CL0020	Repeat	137	CHERRIES_split0_all_metadata/PF00244_metadata.tsv
199	RV_PF00244_p65	A7S0E0_NEMVE/10-232	A0A1X7U0S8_AMPQE/7-227	0.95497	0.5339366515837104	223	221	225	118	101	2	4	PF00244	CL0020	Repeat	137	CHERRIES_split0_all_metadata/PF00244_metadata.tsv
200	FW_PF00244_p66	A2EU51_TRIV3/11-232	A2FEZ0_TRIV3/11-223	1.88962	0.3615023474178404	222	213	223	77	135	1	10	PF00244	CL0020	Repeat	137	CHERRIES_split0_all_metadata/PF00244_metadata.tsv
201	RV_PF00244_p66	A2FEZ0_TRIV3/11-223	A2EU51_TRIV3/11-232	1.88962	0.3615023474178404	213	222	223	77	135	10	1	PF00244	CL0020	Repeat	137	CHERRIES_split0_all_metadata/PF00244_metadata.tsv
202	FW_PF00244_p67	A2DJ03_TRIV3/11-233	A2F1A4_TRIV3/10-232	0.5613	0.6233183856502242	223	223	223	139	84	0	0	PF00244	CL0020	Repeat	137	CHERRIES_split0_all_metadata/PF00244_metadata.tsv
203	RV_PF00244_p67	A2F1A4_TRIV3/10-232	A2DJ03_TRIV3/11-233	0.5613	0.6233183856502242	223	223	223	139	84	0	0	PF00244	CL0020	Repeat	137	CHERRIES_split0_all_metadata/PF00244_metadata.tsv
204	FW_PF16998_p0	B9JAN2_AGRRK/36-151	Q92RH7_RHIME/38-149	0.75198	0.5357142857142857	116	112	117	60	51	1	5	PF16998	CL0500	Family	6	CHERRIES_split0_all_metadata/PF16998_metadata.tsv
205	RV_PF16998_p0	Q92RH7_RHIME/38-149	B9JAN2_AGRRK/36-151	0.75198	0.5357142857142857	112	116	117	60	51	5	1	PF16998	CL0500	Family	6	CHERRIES_split0_all_metadata/PF16998_metadata.tsv
206	FW_PF16998_p1	B9JSN2_AGRVS/36-149	Q2YMD0_BRUA2/40-156	1.47429	0.3684210526315789	114	117	120	42	69	6	3	PF16998	CL0500	Family	6	CHERRIES_split0_all_metadata/PF16998_metadata.tsv
207	RV_PF16998_p1	Q2YMD0_BRUA2/40-156	B9JSN2_AGRVS/36-149	1.47429	0.3684210526315789	117	114	120	42	69	3	6	PF16998	CL0500	Family	6	CHERRIES_split0_all_metadata/PF16998_metadata.tsv
208	FW_PF16998_p2	A4YQ22_BRASO/19-131	Q6NAI8_RHOPA/19-133	0.4997399999999999	0.6283185840707964	113	115	116	71	41	3	1	PF16998	CL0500	Family	6	CHERRIES_split0_all_metadata/PF16998_metadata.tsv
209	RV_PF16998_p2	Q6NAI8_RHOPA/19-133	A4YQ22_BRASO/19-131	0.4997399999999999	0.6283185840707964	115	113	116	71	41	1	3	PF16998	CL0500	Family	6	CHERRIES_split0_all_metadata/PF16998_metadata.tsv
