	pairID	ancestor	descendant	TREEDIST_anc-to-desc	perc_seq_id	anc_seq_len	desc_seq_len	alignment_len	num_matches	num_subs	num_ins	num_dels	pfam	clan	type	pfam_Nseqs
0	FW_PF00244_p0	A2F4K6_TRIV3/16-237	A2FSF9_TRIV3/12-232	3.42726	0.19909502262443438	222	221	231	44	168	9	10	PF00244	CL0020	Repeat	137
1	RV_PF00244_p0	A2FSF9_TRIV3/12-232	A2F4K6_TRIV3/16-237	3.42726	0.19909502262443438	221	222	231	44	168	10	9	PF00244	CL0020	Repeat	137
2	FW_PF00244_p1	A2E4R6_TRIV3/10-232	A2ERZ3_TRIV3/10-229	2.67811	0.2818181818181818	223	220	242	62	139	19	22	PF00244	CL0020	Repeat	137
3	RV_PF00244_p1	A2ERZ3_TRIV3/10-229	A2E4R6_TRIV3/10-232	2.67811	0.2818181818181818	220	223	242	62	139	22	19	PF00244	CL0020	Repeat	137
4	FW_PF00244_p2	G5CBL3_HETGA/9-228	W5L9Z1_ASTMX/18-238	0.20512999999999998	0.8181818181818182	220	221	223	180	38	3	2	PF00244	CL0020	Repeat	137
5	RV_PF00244_p2	W5L9Z1_ASTMX/18-238	G5CBL3_HETGA/9-228	0.20512999999999998	0.8181818181818182	221	220	223	180	38	2	3	PF00244	CL0020	Repeat	137
6	FW_PF00244_p3	H2MK95_ORYLA/9-229	H2UDY6_TAKRU/9-228	0.36957	0.7454545454545455	221	220	223	164	54	2	3	PF00244	CL0020	Repeat	137
7	RV_PF00244_p3	H2UDY6_TAKRU/9-228	H2MK95_ORYLA/9-229	0.36957	0.7454545454545455	220	221	223	164	54	3	2	PF00244	CL0020	Repeat	137
8	FW_PF00244_p4	Q22W55_TETTS/12-233	Q22W56_TETTS/64-286	0.42407	0.6666666666666666	222	223	227	148	70	5	4	PF00244	CL0020	Repeat	137
9	RV_PF00244_p4	Q22W56_TETTS/64-286	Q22W55_TETTS/12-233	0.42407	0.6666666666666666	223	222	227	148	70	4	5	PF00244	CL0020	Repeat	137
10	FW_PF00244_p5	F6WRN9_MACMU/9-229	G1K9B0_ANOCA/9-229	0.0448	0.9502262443438914	221	221	223	210	9	2	2	PF00244	CL0020	Repeat	137
11	RV_PF00244_p5	G1K9B0_ANOCA/9-229	F6WRN9_MACMU/9-229	0.0448	0.9502262443438914	221	221	223	210	9	2	2	PF00244	CL0020	Repeat	137
12	FW_PF00244_p6	G3NHE7_GASAC/7-226	I3J3G0_ORENI/10-235	0.45458000000000004	0.75	220	226	226	165	55	6	0	PF00244	CL0020	Repeat	137
13	RV_PF00244_p6	I3J3G0_ORENI/10-235	G3NHE7_GASAC/7-226	0.45458000000000004	0.75	226	220	226	165	55	0	6	PF00244	CL0020	Repeat	137
14	FW_PF00244_p7	N4V437_FUSC1/11-232	W1NJU8_AMBTC/14-240	1.25271	0.4369369369369369	222	227	234	97	118	12	7	PF00244	CL0020	Repeat	137
15	RV_PF00244_p7	W1NJU8_AMBTC/14-240	N4V437_FUSC1/11-232	1.25271	0.4369369369369369	227	222	234	97	118	7	12	PF00244	CL0020	Repeat	137
16	FW_PF00244_p8	A2DNU8_TRIV3/7-224	A2FB70_TRIV3/10-233	3.7626	0.22935779816513763	218	224	234	50	158	16	10	PF00244	CL0020	Repeat	137
17	RV_PF00244_p8	A2FB70_TRIV3/10-233	A2DNU8_TRIV3/7-224	3.7626	0.22935779816513763	224	218	234	50	158	10	16	PF00244	CL0020	Repeat	137
18	FW_PF00244_p9	C4V9T4_NOSCE/12-242	R0KXN9_NOSB1/12-239	0.45502000000000004	0.6885964912280702	231	228	231	157	71	0	3	PF00244	CL0020	Repeat	137
19	RV_PF00244_p9	R0KXN9_NOSB1/12-239	C4V9T4_NOSCE/12-242	0.45502000000000004	0.6885964912280702	228	231	231	157	71	3	0	PF00244	CL0020	Repeat	137
20	FW_PF00244_p10	A0A1X7UN56_AMPQE/11-234	A0A1X7UNU4_AMPQE/16-241	0.7350099999999999	0.59375	224	226	231	133	86	7	5	PF00244	CL0020	Repeat	137
21	RV_PF00244_p10	A0A1X7UNU4_AMPQE/16-241	A0A1X7UN56_AMPQE/11-234	0.7350099999999999	0.59375	226	224	231	133	86	5	7	PF00244	CL0020	Repeat	137
22	FW_PF00244_p11	1433_GIAIC/13-236	H6BX69_EXODN/9-231	0.70875	0.6143497757847534	224	223	225	137	85	1	2	PF00244	CL0020	Repeat	137
23	RV_PF00244_p11	H6BX69_EXODN/9-231	1433_GIAIC/13-236	0.70875	0.6143497757847534	223	224	225	137	85	2	1	PF00244	CL0020	Repeat	137
24	FW_PF00244_p12	A2EH41_TRIV3/10-231	A2G036_TRIV3/11-235	1.39413	0.4144144144144144	222	225	225	92	130	3	0	PF00244	CL0020	Repeat	137
25	RV_PF00244_p12	A2G036_TRIV3/11-235	A2EH41_TRIV3/10-231	1.39413	0.4144144144144144	225	222	225	92	130	0	3	PF00244	CL0020	Repeat	137
26	FW_PF00244_p13	A0A384KC89_PLAKH/20-242	A4S116_OSTLU/6-238	4.4031199999999995	0.17040358744394618	223	233	249	38	169	26	16	PF00244	CL0020	Repeat	137
27	RV_PF00244_p13	A4S116_OSTLU/6-238	A0A384KC89_PLAKH/20-242	4.4031199999999995	0.17040358744394618	233	223	249	38	169	16	26	PF00244	CL0020	Repeat	137
28	FW_PF00244_p14	A0A3B3ICU5_ORYLA/10-229	H3CUS8_TETNG/17-236	0.35574	0.7636363636363637	220	220	223	168	49	3	3	PF00244	CL0020	Repeat	137
29	RV_PF00244_p14	H3CUS8_TETNG/17-236	A0A3B3ICU5_ORYLA/10-229	0.35574	0.7636363636363637	220	220	223	168	49	3	3	PF00244	CL0020	Repeat	137
30	FW_PF00244_p15	A0A1X7V2V5_AMPQE/9-226	A7S4S2_NEMVE/10-232	0.57733	0.6467889908256881	218	223	227	141	73	9	4	PF00244	CL0020	Repeat	137
31	RV_PF00244_p15	A7S4S2_NEMVE/10-232	A0A1X7V2V5_AMPQE/9-226	0.57733	0.6467889908256881	223	218	227	141	73	4	9	PF00244	CL0020	Repeat	137
32	FW_PF00244_p16	G0SBN0_CHATD/11-233	K2RXL7_MACPH/11-231	0.42644	0.6923076923076923	223	221	224	153	67	1	3	PF00244	CL0020	Repeat	137
33	RV_PF00244_p16	K2RXL7_MACPH/11-231	G0SBN0_CHATD/11-233	0.42644	0.6923076923076923	221	223	224	153	67	3	1	PF00244	CL0020	Repeat	137
34	FW_PF00244_p17	B7G5Y2_PHATC/9-227	D7FN58_ECTSI/10-229	0.29207	0.7853881278538812	219	220	220	172	47	1	0	PF00244	CL0020	Repeat	137
35	RV_PF00244_p17	D7FN58_ECTSI/10-229	B7G5Y2_PHATC/9-227	0.29207	0.7853881278538812	220	219	220	172	47	0	1	PF00244	CL0020	Repeat	137
36	FW_PF00244_p18	M2RQX7_CERS8/16-241	S8EJY0_FOMPI/11-234	0.45450999999999997	0.6919642857142857	226	224	226	155	69	0	2	PF00244	CL0020	Repeat	137
37	RV_PF00244_p18	S8EJY0_FOMPI/11-234	M2RQX7_CERS8/16-241	0.45450999999999997	0.6919642857142857	224	226	226	155	69	2	0	PF00244	CL0020	Repeat	137
38	FW_PF00244_p19	F2Z6F8_YARLI/11-233	R4XJI5_TAPDE/9-233	0.34596000000000005	0.7668161434977578	223	225	225	171	52	2	0	PF00244	CL0020	Repeat	137
39	RV_PF00244_p19	R4XJI5_TAPDE/9-233	F2Z6F8_YARLI/11-233	0.34596000000000005	0.7668161434977578	225	223	225	171	52	0	2	PF00244	CL0020	Repeat	137
40	FW_PF00244_p20	A0CA92_PARTE/11-233	I7M2E3_TETTS/11-232	1.0010299999999999	0.5180180180180181	223	222	224	115	106	1	2	PF00244	CL0020	Repeat	137
41	RV_PF00244_p20	I7M2E3_TETTS/11-232	A0CA92_PARTE/11-233	1.0010299999999999	0.5180180180180181	222	223	224	115	106	2	1	PF00244	CL0020	Repeat	137
42	FW_PF00244_p21	D2VIW7_NAEGR/13-234	Q7X7A7_CHLRE/13-236	0.65462	0.6306306306306306	222	224	225	140	81	3	1	PF00244	CL0020	Repeat	137
43	RV_PF00244_p21	Q7X7A7_CHLRE/13-236	D2VIW7_NAEGR/13-234	0.65462	0.6306306306306306	224	222	225	140	81	1	3	PF00244	CL0020	Repeat	137
44	FW_PF00244_p22	A4HUU6_LEIIN/17-235	Q4DRH6_TRYCC/16-234	0.37422	0.7168949771689498	219	219	219	157	62	0	0	PF00244	CL0020	Repeat	137
45	RV_PF00244_p22	Q4DRH6_TRYCC/16-234	A4HUU6_LEIIN/17-235	0.37422	0.7168949771689498	219	219	219	157	62	0	0	PF00244	CL0020	Repeat	137
46	FW_PF00244_p23	T1FMT1_HELRO/11-230	T1FNZ9_HELRO/11-231	0.36855	0.740909090909091	220	221	221	163	57	1	0	PF00244	CL0020	Repeat	137
47	RV_PF00244_p23	T1FNZ9_HELRO/11-231	T1FMT1_HELRO/11-230	0.36855	0.740909090909091	221	220	221	163	57	0	1	PF00244	CL0020	Repeat	137
48	FW_PF00244_p24	A0A125YYS9_TOXGV/75-296	F6RU13_CIOIN/11-233	1.6890800000000001	0.42792792792792794	222	223	233	95	117	11	10	PF00244	CL0020	Repeat	137
49	RV_PF00244_p24	F6RU13_CIOIN/11-233	A0A125YYS9_TOXGV/75-296	1.6890800000000001	0.42792792792792794	223	222	233	95	117	10	11	PF00244	CL0020	Repeat	137
50	FW_PF00244_p25	Q4N4N3_THEPA/13-239	Q5CUW0_CRYPI/33-257	0.58357	0.6355555555555555	227	225	227	143	82	0	2	PF00244	CL0020	Repeat	137
51	RV_PF00244_p25	Q5CUW0_CRYPI/33-257	Q4N4N3_THEPA/13-239	0.58357	0.6355555555555555	225	227	227	143	82	2	0	PF00244	CL0020	Repeat	137
52	FW_PF00244_p26	F6WL19_CIOIN/11-232	H2ZQW6_CIOSA/12-229	0.3196	0.7889908256880734	222	218	224	172	44	2	6	PF00244	CL0020	Repeat	137
53	RV_PF00244_p26	H2ZQW6_CIOSA/12-229	F6WL19_CIOIN/11-232	0.3196	0.7889908256880734	218	222	224	172	44	6	2	PF00244	CL0020	Repeat	137
54	FW_PF00244_p27	A0A8U0WPT1_TRIV3/11-233	A2FQW3_TRIV3/11-234	1.42781	0.4080717488789238	223	224	224	91	132	1	0	PF00244	CL0020	Repeat	137
55	RV_PF00244_p27	A2FQW3_TRIV3/11-234	A0A8U0WPT1_TRIV3/11-233	1.42781	0.4080717488789238	224	223	224	91	132	0	1	PF00244	CL0020	Repeat	137
56	FW_PF00244_p28	T1EG24_HELRO/13-234	T1G259_HELRO/12-233	0.31728	0.7927927927927928	222	222	222	176	46	0	0	PF00244	CL0020	Repeat	137
57	RV_PF00244_p28	T1G259_HELRO/12-233	T1EG24_HELRO/13-234	0.31728	0.7927927927927928	222	222	222	176	46	0	0	PF00244	CL0020	Repeat	137
58	FW_PF00244_p29	14331_SCHMA/20-239	G4LWW0_SCHMA/21-239	0.79729	0.5844748858447488	220	219	224	128	87	4	5	PF00244	CL0020	Repeat	137
59	RV_PF00244_p29	G4LWW0_SCHMA/21-239	14331_SCHMA/20-239	0.79729	0.5844748858447488	219	220	224	128	87	5	4	PF00244	CL0020	Repeat	137
60	FW_PF00244_p30	B6AI61_CRYMR/9-226	Q5CSF3_CRYPI/14-235	0.69338	0.591743119266055	218	222	222	129	89	4	0	PF00244	CL0020	Repeat	137
61	RV_PF00244_p30	Q5CSF3_CRYPI/14-235	B6AI61_CRYMR/9-226	0.69338	0.591743119266055	222	218	222	129	89	0	4	PF00244	CL0020	Repeat	137
62	FW_PF00244_p31	C4M323_ENTH1/10-232	H2ZAV9_CIOSA/18-241	0.6890000000000001	0.600896860986547	223	224	229	134	84	6	5	PF00244	CL0020	Repeat	137
63	RV_PF00244_p31	H2ZAV9_CIOSA/18-241	C4M323_ENTH1/10-232	0.6890000000000001	0.600896860986547	224	223	229	134	84	5	6	PF00244	CL0020	Repeat	137
64	FW_PF00244_p32	B7XJ58_ENTBH/22-244	L2GLB6_VITCO/12-238	1.11228	0.484304932735426	223	227	229	108	113	6	2	PF00244	CL0020	Repeat	137
65	RV_PF00244_p32	L2GLB6_VITCO/12-238	B7XJ58_ENTBH/22-244	1.11228	0.484304932735426	227	223	229	108	113	2	6	PF00244	CL0020	Repeat	137
66	FW_PF00244_p33	M1AD29_SOLTU/13-235	M4C7U0_BRARP/13-235	0.26823	0.7713004484304933	223	223	223	172	51	0	0	PF00244	CL0020	Repeat	137
67	RV_PF00244_p33	M4C7U0_BRARP/13-235	M1AD29_SOLTU/13-235	0.26823	0.7713004484304933	223	223	223	172	51	0	0	PF00244	CL0020	Repeat	137
68	FW_PF00244_p34	A0A1X7UM68_AMPQE/11-230	A0A1X7UMT6_AMPQE/11-230	0.27053	0.8	220	220	221	176	43	1	1	PF00244	CL0020	Repeat	137
69	RV_PF00244_p34	A0A1X7UMT6_AMPQE/11-230	A0A1X7UM68_AMPQE/11-230	0.27053	0.8	220	220	221	176	43	1	1	PF00244	CL0020	Repeat	137
70	FW_PF00244_p35	A0A7M7P9F1_STRPU/11-234	C1E2K1_MICCC/19-248	0.70557	0.6696428571428571	224	230	230	150	74	6	0	PF00244	CL0020	Repeat	137
71	RV_PF00244_p35	C1E2K1_MICCC/19-248	A0A7M7P9F1_STRPU/11-234	0.70557	0.6696428571428571	230	224	230	150	74	0	6	PF00244	CL0020	Repeat	137
72	FW_PF00244_p36	F6TNW3_CIOIN/11-230	Q95W36_SCHMA/11-232	0.63927	0.6636363636363637	220	222	226	146	70	6	4	PF00244	CL0020	Repeat	137
73	RV_PF00244_p36	Q95W36_SCHMA/11-232	F6TNW3_CIOIN/11-230	0.63927	0.6636363636363637	222	220	226	146	70	4	6	PF00244	CL0020	Repeat	137
74	FW_PF00244_p37	A0A0D2VIK6_CAPO3/10-229	H2ZB59_CIOSA/12-233	0.86854	0.5318181818181819	220	222	225	117	100	5	3	PF00244	CL0020	Repeat	137
75	RV_PF00244_p37	H2ZB59_CIOSA/12-233	A0A0D2VIK6_CAPO3/10-229	0.86854	0.5318181818181819	222	220	225	117	100	3	5	PF00244	CL0020	Repeat	137
76	FW_PF00244_p38	H3D707_TETNG/10-230	H9GNH2_ANOCA/9-229	0.43502	0.6923076923076923	221	221	223	153	66	2	2	PF00244	CL0020	Repeat	137
77	RV_PF00244_p38	H9GNH2_ANOCA/9-229	H3D707_TETNG/10-230	0.43502	0.6923076923076923	221	221	223	153	66	2	2	PF00244	CL0020	Repeat	137
78	FW_PF00244_p39	A0A8R2B849_ACYPI/18-242	F2UFG7_SALR5/23-244	2.6718599999999997	0.2882882882882883	225	222	232	64	151	7	10	PF00244	CL0020	Repeat	137
79	RV_PF00244_p39	F2UFG7_SALR5/23-244	A0A8R2B849_ACYPI/18-242	2.6718599999999997	0.2882882882882883	222	225	232	64	151	10	7	PF00244	CL0020	Repeat	137
80	FW_PF00244_p40	14337_ORYSJ/10-232	K3ZJM9_SETIT/10-230	0.80455	0.5565610859728507	223	221	226	123	95	3	5	PF00244	CL0020	Repeat	137
81	RV_PF00244_p40	K3ZJM9_SETIT/10-230	14337_ORYSJ/10-232	0.80455	0.5565610859728507	221	223	226	123	95	5	3	PF00244	CL0020	Repeat	137
82	FW_PF00244_p41	A0A1X7UN50_AMPQE/42-261	K1PPQ1_CRAGI/10-235	0.748	0.5954545454545455	220	226	228	131	87	8	2	PF00244	CL0020	Repeat	137
83	RV_PF00244_p41	K1PPQ1_CRAGI/10-235	A0A1X7UN50_AMPQE/42-261	0.748	0.5954545454545455	226	220	228	131	87	2	8	PF00244	CL0020	Repeat	137
84	FW_PF00244_p42	F4IA59_ARATH/11-234	M4F1S3_BRARP/11-233	0.37388	0.6995515695067265	224	223	224	156	67	0	1	PF00244	CL0020	Repeat	137
85	RV_PF00244_p42	M4F1S3_BRARP/11-233	F4IA59_ARATH/11-234	0.37388	0.6995515695067265	223	224	224	156	67	1	0	PF00244	CL0020	Repeat	137
86	FW_PF00244_p43	F2UD03_SALR5/10-230	G1KJR4_ANOCA/10-231	1.3644	0.497737556561086	221	222	231	110	102	10	9	PF00244	CL0020	Repeat	137
87	RV_PF00244_p43	G1KJR4_ANOCA/10-231	F2UD03_SALR5/10-230	1.3644	0.497737556561086	222	221	231	110	102	9	10	PF00244	CL0020	Repeat	137
88	FW_PF00244_p44	A2DQL3_TRIV3/9-235	A2ECB8_TRIV3/9-231	2.033	0.31390134529147984	227	223	230	70	150	3	7	PF00244	CL0020	Repeat	137
89	RV_PF00244_p44	A2ECB8_TRIV3/9-231	A2DQL3_TRIV3/9-235	2.033	0.31390134529147984	223	227	230	70	150	7	3	PF00244	CL0020	Repeat	137
90	FW_PF00244_p45	D3BCY8_POLPP/8-227	S9W2P3_SCHCR/11-233	1.2615	0.45	220	223	224	99	120	4	1	PF00244	CL0020	Repeat	137
91	RV_PF00244_p45	S9W2P3_SCHCR/11-233	D3BCY8_POLPP/8-227	1.2615	0.45	223	220	224	99	120	1	4	PF00244	CL0020	Repeat	137
92	FW_PF00244_p46	I1BWN7_RHIO9/10-231	S2KAQ4_MUCC1/11-233	0.32336	0.7477477477477478	222	223	223	166	56	1	0	PF00244	CL0020	Repeat	137
93	RV_PF00244_p46	S2KAQ4_MUCC1/11-233	I1BWN7_RHIO9/10-231	0.32336	0.7477477477477478	223	222	223	166	56	0	1	PF00244	CL0020	Repeat	137
94	FW_PF00244_p47	K5WK95_PHACS/17-241	V2XV00_MONRO/20-248	0.80021	0.5644444444444444	225	229	229	127	98	4	0	PF00244	CL0020	Repeat	137
95	RV_PF00244_p47	V2XV00_MONRO/20-248	K5WK95_PHACS/17-241	0.80021	0.5644444444444444	229	225	229	127	98	0	4	PF00244	CL0020	Repeat	137
96	FW_PF00244_p48	A4S8V0_OSTLU/12-242	C1E476_MICCC/15-243	0.5826	0.6244541484716157	231	229	233	143	84	2	4	PF00244	CL0020	Repeat	137
97	RV_PF00244_p48	C1E476_MICCC/15-243	A4S8V0_OSTLU/12-242	0.5826	0.6244541484716157	229	231	233	143	84	4	2	PF00244	CL0020	Repeat	137
98	FW_PF00244_p49	G0R3S3_ICHMG/1-210	Q232M6_TETTS/12-235	0.45652000000000004	0.6904761904761905	210	224	227	145	62	17	3	PF00244	CL0020	Repeat	137
99	RV_PF00244_p49	Q232M6_TETTS/12-235	G0R3S3_ICHMG/1-210	0.45652000000000004	0.6904761904761905	224	210	227	145	62	3	17	PF00244	CL0020	Repeat	137
100	FW_PF00244_p50	F6S1Q4_CIOIN/25-245	H2ZEP1_CIOSA/25-245	0.39187	0.7194570135746606	221	221	221	159	62	0	0	PF00244	CL0020	Repeat	137
101	RV_PF00244_p50	H2ZEP1_CIOSA/25-245	F6S1Q4_CIOIN/25-245	0.39187	0.7194570135746606	221	221	221	159	62	0	0	PF00244	CL0020	Repeat	137
102	FW_PF00244_p51	B4GU54_DROPE/10-231	G0QMN5_ICHMG/21-252	1.77086	0.38288288288288286	222	232	236	85	133	14	4	PF00244	CL0020	Repeat	137
103	RV_PF00244_p51	G0QMN5_ICHMG/21-252	B4GU54_DROPE/10-231	1.77086	0.38288288288288286	232	222	236	85	133	4	14	PF00244	CL0020	Repeat	137
104	FW_PF00244_p52	B3S468_TRIAD/10-233	E9H1W5_DAPPU/11-231	0.34015999999999996	0.7601809954751131	224	221	224	168	53	0	3	PF00244	CL0020	Repeat	137
105	RV_PF00244_p52	E9H1W5_DAPPU/11-231	B3S468_TRIAD/10-233	0.34015999999999996	0.7601809954751131	221	224	224	168	53	3	0	PF00244	CL0020	Repeat	137
106	FW_PF00244_p53	L2GXD4_VAVCU/13-240	S7XFS0_SPRLO/11-238	0.95869	0.5263157894736842	228	228	228	120	108	0	0	PF00244	CL0020	Repeat	137
107	RV_PF00244_p53	S7XFS0_SPRLO/11-238	L2GXD4_VAVCU/13-240	0.95869	0.5263157894736842	228	228	228	120	108	0	0	PF00244	CL0020	Repeat	137
108	FW_PF00244_p54	Q383X6_TRYB2/37-256	Q4Q198_LEIMA/35-254	0.20939	0.8181818181818182	220	220	221	180	39	1	1	PF00244	CL0020	Repeat	137
109	RV_PF00244_p54	Q4Q198_LEIMA/35-254	Q383X6_TRYB2/37-256	0.20939	0.8181818181818182	220	220	221	180	39	1	1	PF00244	CL0020	Repeat	137
110	FW_PF00244_p55	1433_ENCCU/12-239	J8ZPW9_EDHAE/11-239	1.1172	0.5263157894736842	228	229	234	120	103	6	5	PF00244	CL0020	Repeat	137
111	RV_PF00244_p55	J8ZPW9_EDHAE/11-239	1433_ENCCU/12-239	1.1172	0.5263157894736842	229	228	234	120	103	5	6	PF00244	CL0020	Repeat	137
112	FW_PF00244_p56	H2AQB0_KAZAF/11-237	U5H158_USTV1/11-233	0.36780999999999997	0.7623318385650224	227	223	227	170	53	0	4	PF00244	CL0020	Repeat	137
113	RV_PF00244_p56	U5H158_USTV1/11-233	H2AQB0_KAZAF/11-237	0.36780999999999997	0.7623318385650224	223	227	227	170	53	4	0	PF00244	CL0020	Repeat	137
114	FW_PF00244_p57	14338_ARATH/13-238	I1K9V8_SOYBN/14-238	0.23715000000000003	0.8044444444444444	226	225	226	181	44	0	1	PF00244	CL0020	Repeat	137
115	RV_PF00244_p57	I1K9V8_SOYBN/14-238	14338_ARATH/13-238	0.23715000000000003	0.8044444444444444	225	226	226	181	44	1	0	PF00244	CL0020	Repeat	137
116	FW_PF00244_p58	A0A3B1IGA1_ASTMX/10-234	A0A8M1PI77_DANRE/9-228	0.38437	0.7454545454545455	225	220	225	164	56	0	5	PF00244	CL0020	Repeat	137
117	RV_PF00244_p58	A0A8M1PI77_DANRE/9-228	A0A3B1IGA1_ASTMX/10-234	0.38437	0.7454545454545455	220	225	225	164	56	5	0	PF00244	CL0020	Repeat	137
118	FW_PF00244_p59	B3S6H3_TRIAD/10-232	T1FXW3_HELRO/10-232	0.38923	0.7443946188340808	223	223	223	166	57	0	0	PF00244	CL0020	Repeat	137
119	RV_PF00244_p59	T1FXW3_HELRO/10-232	B3S6H3_TRIAD/10-232	0.38923	0.7443946188340808	223	223	223	166	57	0	0	PF00244	CL0020	Repeat	137
120	FW_PF00244_p60	H0XZI5_OTOGA/11-231	H0Z417_TAEGU/9-229	0.07733999999999999	0.9140271493212669	221	221	224	202	16	3	3	PF00244	CL0020	Repeat	137
121	RV_PF00244_p60	H0Z417_TAEGU/9-229	H0XZI5_OTOGA/11-231	0.07733999999999999	0.9140271493212669	221	221	224	202	16	3	3	PF00244	CL0020	Repeat	137
122	FW_PF00244_p61	A0A1X7V3G8_AMPQE/78-308	I3EIC0_NEMP3/10-242	1.18072	0.4805194805194805	231	233	251	111	102	20	18	PF00244	CL0020	Repeat	137
123	RV_PF00244_p61	I3EIC0_NEMP3/10-242	A0A1X7V3G8_AMPQE/78-308	1.18072	0.4805194805194805	233	231	251	111	102	18	20	PF00244	CL0020	Repeat	137
124	FW_PF00244_p62	A0A804IPY7_MUSAM/13-235	B9MUI3_POPTR/10-231	0.9457	0.536036036036036	223	222	229	119	97	6	7	PF00244	CL0020	Repeat	137
125	RV_PF00244_p62	B9MUI3_POPTR/10-231	A0A804IPY7_MUSAM/13-235	0.9457	0.536036036036036	222	223	229	119	97	7	6	PF00244	CL0020	Repeat	137
126	FW_PF00244_p63	A0D7E8_PARTE/249-470	I7MLD8_TETTS/14-242	0.61069	0.6126126126126126	222	229	230	136	85	8	1	PF00244	CL0020	Repeat	137
127	RV_PF00244_p63	I7MLD8_TETTS/14-242	A0D7E8_PARTE/249-470	0.61069	0.6126126126126126	229	222	230	136	85	1	8	PF00244	CL0020	Repeat	137
128	FW_PF00244_p64	A0A7M7GI35_STRPU/17-241	A7S252_NEMVE/17-237	0.7213799999999999	0.6153846153846154	225	221	231	136	79	6	10	PF00244	CL0020	Repeat	137
129	RV_PF00244_p64	A7S252_NEMVE/17-237	A0A7M7GI35_STRPU/17-241	0.7213799999999999	0.6153846153846154	221	225	231	136	79	10	6	PF00244	CL0020	Repeat	137
130	FW_PF00244_p65	A0A1X7U0S8_AMPQE/7-227	A7S0E0_NEMVE/10-232	0.95497	0.5339366515837104	221	223	225	118	101	4	2	PF00244	CL0020	Repeat	137
131	RV_PF00244_p65	A7S0E0_NEMVE/10-232	A0A1X7U0S8_AMPQE/7-227	0.95497	0.5339366515837104	223	221	225	118	101	2	4	PF00244	CL0020	Repeat	137
132	FW_PF00244_p66	A2EU51_TRIV3/11-232	A2FEZ0_TRIV3/11-223	1.88962	0.3615023474178404	222	213	223	77	135	1	10	PF00244	CL0020	Repeat	137
133	RV_PF00244_p66	A2FEZ0_TRIV3/11-223	A2EU51_TRIV3/11-232	1.88962	0.3615023474178404	213	222	223	77	135	10	1	PF00244	CL0020	Repeat	137
134	FW_PF00244_p67	A2DJ03_TRIV3/11-233	A2F1A4_TRIV3/10-232	0.5613	0.6233183856502242	223	223	223	139	84	0	0	PF00244	CL0020	Repeat	137
135	RV_PF00244_p67	A2F1A4_TRIV3/10-232	A2DJ03_TRIV3/11-233	0.5613	0.6233183856502242	223	223	223	139	84	0	0	PF00244	CL0020	Repeat	137
